etab|x|y|annee|commune|secteur|acad|nom_norme|ep|effectif_1er_cycle|ips_total|note_ecrit_dnb|ens_inf_35_ans
0140006F|429959.7|6914706.1|2014|14047|public|Caen|COLLEGE CHARLES LETOT|Hors EP|456|113.2|12.2|32.9
0140006F|429959.7|6914706.1|2015|14047|public|Caen|COLLEGE CHARLES LETOT|Hors EP|435|109.8|10.8|22.1
0140006F|429959.7|6914706.1|2016|14047|public|Caen|COLLEGE CHARLES LETOT|Hors EP|449|112.6|12.8|34.2
0140006F|429959.7|6914706.1|2017|14047|public|Caen|COLLEGE CHARLES LETOT|Hors EP|452|94.3|10|19.6
0140008H|418711.2|6877210.2|2014|14061|public|Caen|COLLEGE VAL DE SOULEUVRE|Hors EP|376|73.3|9.8|7.6
0140008H|418711.2|6877210.2|2015|14061|public|Caen|COLLEGE VAL DE SOULEUVRE|Hors EP|373|92.6|8.9|18.5
0140008H|418711.2|6877210.2|2016|14061|public|Caen|COLLEGE VAL DE SOULEUVRE|Hors EP|360|116.2|11.8|20.3
0140008H|418711.2|6877210.2|2017|14061|public|Caen|COLLEGE VAL DE SOULEUVRE|Hors EP|398|99.5|11|12.2
0140015R|454497.6|6903448.5|2014|14118|public|Caen|COLLEGE PASTEUR|Hors EP|563|93.6|10.4|10.6
0140015R|454497.6|6903448.5|2015|14118|public|Caen|COLLEGE PASTEUR|Hors EP|544|125.7|13|23
0140015R|454497.6|6903448.5|2016|14118|public|Caen|COLLEGE PASTEUR|Hors EP|522|106.2|10.9|28.9
0140015R|454497.6|6903448.5|2017|14118|public|Caen|COLLEGE PASTEUR|Hors EP|523|98.3|12|28.2
0140024A|455629.5|6902153.6|2014|14118|public|Caen|COLLEGE VILLEY DESMESERETS|Hors EP|424|96.6|9.7|28.9
0140024A|455629.5|6902153.6|2015|14118|public|Caen|COLLEGE VILLEY DESMESERETS|Hors EP|427|89.5|10.3|0
0140024A|455629.5|6902153.6|2016|14118|public|Caen|COLLEGE VILLEY DESMESERETS|Hors EP|408|112.8|10.8|18.6
0140024A|455629.5|6902153.6|2017|14118|public|Caen|COLLEGE VILLEY DESMESERETS|Hors EP|401|113.6|10.2|17.1
0140025B|453855.7|6903652.5|2014|14118|public|Caen|COLLEGE HASTINGS|Hors EP|569|112.8|12.5|11.4
0140025B|453855.7|6903652.5|2015|14118|public|Caen|COLLEGE HASTINGS|Hors EP|579|107.5|7.3|12.9
0140025B|453855.7|6903652.5|2016|14118|public|Caen|COLLEGE HASTINGS|Hors EP|572|107.6|12.9|15.9
0140025B|453855.7|6903652.5|2017|14118|public|Caen|COLLEGE HASTINGS|Hors EP|596|91.3|12.5|21.4
0140038R|422562|6894558.8|2014|14143|public|Caen|COLLEGE LES SOURCES D AURE|Hors EP|329|108.4|10.8|9.1
0140038R|422562|6894558.8|2015|14143|public|Caen|COLLEGE LES SOURCES D AURE|Hors EP|332|97.2|11.9|10.1
0140038R|422562|6894558.8|2016|14143|public|Caen|COLLEGE LES SOURCES D AURE|Hors EP|333|104.6|12|11.5
0140038R|422562|6894558.8|2017|14143|public|Caen|COLLEGE LES SOURCES D AURE|Hors EP|342|103.2|10.8|32.9
0140041U|449517.2|6919898.6|2014|14191|public|Caen|COLLEGE QUINTEFEUILLE|Hors EP|493|79.7|10|35.2
0140041U|449517.2|6919898.6|2015|14191|public|Caen|COLLEGE QUINTEFEUILLE|Hors EP|459|85.9|11|17.5
0140041U|449517.2|6919898.6|2016|14191|public|Caen|COLLEGE QUINTEFEUILLE|Hors EP|449|98.5|13.2|21.8
0140041U|449517.2|6919898.6|2017|14191|public|Caen|COLLEGE QUINTEFEUILLE|Hors EP|411|113.9|10.3|17.7
0140042V|442424.2|6915748.4|2014|14200|public|Caen|COLLEGE JEAN DE LA VARENDE|Hors EP|399|91.6|6.6|20.9
0140042V|442424.2|6915748.4|2015|14200|public|Caen|COLLEGE JEAN DE LA VARENDE|Hors EP|398|126|10.6|16.9
0140042V|442424.2|6915748.4|2016|14200|public|Caen|COLLEGE JEAN DE LA VARENDE|Hors EP|396|108|11.1|24.8
0140042V|442424.2|6915748.4|2017|14200|public|Caen|COLLEGE JEAN DE LA VARENDE|Hors EP|378|103.1|10.7|10.6
0140049C|453667.6|6916033.6|2014|14228|public|Caen|COLLEGE CLEMENT MAROT|Hors EP|591|114.2|11.5|18.4
0140049C|453667.6|6916033.6|2015|14228|public|Caen|COLLEGE CLEMENT MAROT|Hors EP|544|93.7|11.6|28.3
0140049C|453667.6|6916033.6|2016|14228|public|Caen|COLLEGE CLEMENT MAROT|Hors EP|497|105.3|11.3|0.4
0140049C|453667.6|6916033.6|2017|14228|public|Caen|COLLEGE CLEMENT MAROT|Hors EP|482|122.5|11.3|16.6
0140050D|478514.3|6908064.2|2014|14229|public|Caen|COLLEGE LOUIS PERGAUD|Hors EP|332|88.9|10.9|6.2
0140050D|478514.3|6908064.2|2015|14229|public|Caen|COLLEGE LOUIS PERGAUD|Hors EP|311|91.2|10.4|32.9
0140050D|478514.3|6908064.2|2016|14229|public|Caen|COLLEGE LOUIS PERGAUD|Hors EP|294|99.4|12|13.2
0140050D|478514.3|6908064.2|2017|14229|public|Caen|COLLEGE LOUIS PERGAUD|Hors EP|272|96.1|10.5|18
0140051E|443996|6894533.7|2014|14257|public|Caen|COLLEGE PAUL VERLAINE|Hors EP|686|103.9|10.5|5.7
0140051E|443996|6894533.7|2015|14257|public|Caen|COLLEGE PAUL VERLAINE|Hors EP|669|91|9.5|4.5
0140051E|443996|6894533.7|2016|14257|public|Caen|COLLEGE PAUL VERLAINE|Hors EP|656|82|10.2|21
0140051E|443996|6894533.7|2017|14257|public|Caen|COLLEGE PAUL VERLAINE|Hors EP|636|121.5|11.3|20
0140067X|491886.3|6882003.7|2014|14371|public|Caen|COLLEGE FERNAND LEGER|Hors EP|305|86.4|10.2|26.9
0140067X|491886.3|6882003.7|2015|14371|public|Caen|COLLEGE FERNAND LEGER|Hors EP|306|99.7|12.8|9
0140067X|491886.3|6882003.7|2016|14371|public|Caen|COLLEGE FERNAND LEGER|Hors EP|284|108|11.8|24.1
0140067X|491886.3|6882003.7|2017|14371|public|Caen|COLLEGE FERNAND LEGER|Hors EP|268|86.6|10.8|5.4
0140068Y|453800.4|6895132.7|2014|14623|public|Caen|COLLEGE GUY DE MAUPASSANT|Hors EP|698|88.3|9.7|11.8
0140068Y|453800.4|6895132.7|2015|14623|public|Caen|COLLEGE GUY DE MAUPASSANT|Hors EP|658|90.4|10.3|27.5
0140068Y|453800.4|6895132.7|2016|14623|public|Caen|COLLEGE GUY DE MAUPASSANT|Hors EP|609|105.1|9.6|25.5
0140068Y|453800.4|6895132.7|2017|14623|public|Caen|COLLEGE GUY DE MAUPASSANT|Hors EP|613|96.8|11.3|26.9
0140069Z|467127.7|6913356.1|2014|14409|public|Caen|COLLEGE ALFRED KASTLER|Hors EP|323|118.8|11.1|15.7
0140069Z|467127.7|6913356.1|2015|14409|public|Caen|COLLEGE ALFRED KASTLER|Hors EP|330|91.4|12.7|9.3
0140069Z|467127.7|6913356.1|2016|14409|public|Caen|COLLEGE ALFRED KASTLER|Hors EP|344|100.4|10.5|17.9
0140069Z|467127.7|6913356.1|2017|14409|public|Caen|COLLEGE ALFRED KASTLER|Hors EP|350|106.6|9.4|8.4
0140070A|475006.1|6890630.2|2014|14431|public|Caen|COLLEGE BORIS VIAN|Hors EP|518|101.5|10.2|33
0140070A|475006.1|6890630.2|2015|14431|public|Caen|COLLEGE BORIS VIAN|Hors EP|499|86.6|9.7|5.6
0140070A|475006.1|6890630.2|2016|14431|public|Caen|COLLEGE BORIS VIAN|Hors EP|506|114.5|9.4|29.8
0140070A|475006.1|6890630.2|2017|14431|public|Caen|COLLEGE BORIS VIAN|Hors EP|490|100.3|13.1|33.2
0140072C|468831.2|6896164.2|2014|14020|public|Caen|COLLEGE JEAN CASTEL|Hors EP|507|86.3|10.6|25.4
0140072C|468831.2|6896164.2|2015|14020|public|Caen|COLLEGE JEAN CASTEL|Hors EP|517|102.8|12.3|37.1
0140072C|468831.2|6896164.2|2016|14020|public|Caen|COLLEGE JEAN CASTEL|Hors EP|508|113.8|11.8|34.4
0140072C|468831.2|6896164.2|2017|14020|public|Caen|COLLEGE JEAN CASTEL|Hors EP|491|102.6|13.2|7.7
0140073D|510585.2|6883956.3|2014|14478|public|Caen|COLLEGE LOTTIN DE LAVAL|Hors EP|305|124.8|10.8|33.6
0140073D|510585.2|6883956.3|2015|14478|public|Caen|COLLEGE LOTTIN DE LAVAL|Hors EP|308|87.7|11|42.4
0140073D|510585.2|6883956.3|2016|14478|public|Caen|COLLEGE LOTTIN DE LAVAL|Hors EP|329|107.3|10.6|3.7
0140073D|510585.2|6883956.3|2017|14478|public|Caen|COLLEGE LOTTIN DE LAVAL|Hors EP|314|103.8|10.7|2.6
0140075F|494961|6913296.3|2014|14514|public|Caen|COLLEGE GUSTAVE FLAUBERT|Hors EP|553|97.3|10.3|26.9
0140075F|494961|6913296.3|2015|14514|public|Caen|COLLEGE GUSTAVE FLAUBERT|Hors EP|513|103.3|12.3|11
0140075F|494961|6913296.3|2016|14514|public|Caen|COLLEGE GUSTAVE FLAUBERT|Hors EP|519|64.8|11.6|7
0140075F|494961|6913296.3|2017|14514|public|Caen|COLLEGE GUSTAVE FLAUBERT|Hors EP|492|97.7|12.8|24.3
0140077H|462447.7|6879061.7|2014|14516|public|Caen|COLLEGE PIERRE ET MARIE CURIE|Hors EP|370|101.5|9.7|38.1
0140077H|462447.7|6879061.7|2015|14516|public|Caen|COLLEGE PIERRE ET MARIE CURIE|Hors EP|335|104.9|9.9|16.2
0140077H|462447.7|6879061.7|2016|14516|public|Caen|COLLEGE PIERRE ET MARIE CURIE|Hors EP|332|105.7|11.6|22.7
0140077H|462447.7|6879061.7|2017|14516|public|Caen|COLLEGE PIERRE ET MARIE CURIE|Hors EP|327|102.6|12.9|17.5
0140079K|403466.3|6867681|2014|14658|public|Caen|COLLEGE JEAN VILAR|Hors EP|227|111.3|13|21.1
0140079K|403466.3|6867681|2015|14658|public|Caen|COLLEGE JEAN VILAR|Hors EP|235|101.2|10.9|26.6
0140079K|403466.3|6867681|2016|14658|public|Caen|COLLEGE JEAN VILAR|Hors EP|231|112.6|11.2|0
0140079K|403466.3|6867681|2017|14658|public|Caen|COLLEGE JEAN VILAR|Hors EP|218|85.2|10.4|31
0140081M|435587.6|6902968|2014|14692|public|Caen|COLLEGE DU BOIS D ORCEAU|Hors EP|378|98.4|11.5|18.7
0140081M|435587.6|6902968|2015|14692|public|Caen|COLLEGE DU BOIS D ORCEAU|Hors EP|388|97.4|9.8|13.9
0140081M|435587.6|6902968|2016|14692|public|Caen|COLLEGE DU BOIS D ORCEAU|Hors EP|392|110.2|9|0
0140081M|435587.6|6902968|2017|14692|public|Caen|COLLEGE DU BOIS D ORCEAU|Hors EP|417|100|10.9|4.9
0140082N|416256.7|6918999.2|2014|14711|public|Caen|COLLEGE OCTAVE MIRBEAU|Hors EP|192|85.8|11|7.5
0140082N|416256.7|6918999.2|2015|14711|public|Caen|COLLEGE OCTAVE MIRBEAU|Hors EP|200|101.3|12.2|27.7
0140082N|416256.7|6918999.2|2016|14711|public|Caen|COLLEGE OCTAVE MIRBEAU|Hors EP|198|101.3|8.8|28
0140082N|416256.7|6918999.2|2017|14711|public|Caen|COLLEGE OCTAVE MIRBEAU|Hors EP|203|98.8|10.3|23.9
0140086T|430810.9|6868178.9|2014|14726|public|Caen|COLLEGE ANNE FRANK|Hors EP|303|122.8|11.9|26.5
0140086T|430810.9|6868178.9|2015|14726|public|Caen|COLLEGE ANNE FRANK|Hors EP|293|95|11.5|17.2
0140086T|430810.9|6868178.9|2016|14726|public|Caen|COLLEGE ANNE FRANK|Hors EP|284|85.6|8.5|20.3
0140086T|430810.9|6868178.9|2017|14726|public|Caen|COLLEGE ANNE FRANK|Hors EP|254|92.4|10.3|23.2
0140087U|447971|6900644.8|2014|14738|public|Caen|COLLEGE JACQUES PREVERT|Hors EP|631|106.2|11.7|5.9
0140087U|447971|6900644.8|2015|14738|public|Caen|COLLEGE JACQUES PREVERT|Hors EP|616|114.6|9.6|9.6
0140087U|447971|6900644.8|2016|14738|public|Caen|COLLEGE JACQUES PREVERT|Hors EP|592|121.1|12.7|16.8
0140087U|447971|6900644.8|2017|14738|public|Caen|COLLEGE JACQUES PREVERT|Hors EP|590|112.9|13.1|10.1
0140088V|432658.8|6893102.2|2014|14752|public|Caen|COLLEGE SIMONE VEIL|Hors EP|544|109|9.2|26.2
0140088V|432658.8|6893102.2|2015|14752|public|Caen|COLLEGE SIMONE VEIL|Hors EP|545|99|11|38.2
0140088V|432658.8|6893102.2|2016|14752|public|Caen|COLLEGE SIMONE VEIL|Hors EP|561|98.2|10.6|36.9
0140088V|432658.8|6893102.2|2017|14752|public|Caen|COLLEGE SIMONE VEIL|Hors EP|575|104.9|10.6|26.9
0141135H|497446.7|6896591.4|2014|14366|public|Caen|COLLEGE JULES MICHELET|Hors EP|481|103.5|11.2|19.4
0141135H|497446.7|6896591.4|2015|14366|public|Caen|COLLEGE JULES MICHELET|Hors EP|456|114.8|9.9|25.9
0141135H|497446.7|6896591.4|2016|14366|public|Caen|COLLEGE JULES MICHELET|Hors EP|466|108.2|10.3|21.1
0141135H|497446.7|6896591.4|2017|14366|public|Caen|COLLEGE JULES MICHELET|Hors EP|497|101.9|12.4|32.4
0141136J|457112.2|6904782.9|2014|14327|public|Caen|COLLEGE PIERRE VARIGNON|REP|263|98.2|11.9|21.1
0141136J|457112.2|6904782.9|2015|14327|public|Caen|COLLEGE PIERRE VARIGNON|REP|292|97|12.5|32.3
0141136J|457112.2|6904782.9|2016|14327|public|Caen|COLLEGE PIERRE VARIGNON|REP|290|96.4|9.9|17.1
0141136J|457112.2|6904782.9|2017|14327|public|Caen|COLLEGE PIERRE VARIGNON|REP|280|104.7|11.6|22.6
0141159J|453347.4|6903518.8|2014|14118|privé sous contrat|Caen|COLLEGE PRIVE INSTITUT SAINT PIERRE|Hors EP|520|101.7|11|25.7
0141159J|453347.4|6903518.8|2015|14118|privé sous contrat|Caen|COLLEGE PRIVE INSTITUT SAINT PIERRE|Hors EP|516|99.2|11.1|24.7
0141159J|453347.4|6903518.8|2016|14118|privé sous contrat|Caen|COLLEGE PRIVE INSTITUT SAINT PIERRE|Hors EP|548|89.2|9.7|9.6
0141159J|453347.4|6903518.8|2017|14118|privé sous contrat|Caen|COLLEGE PRIVE INSTITUT SAINT PIERRE|Hors EP|534|115.4|10.8|39.7
0141160K|454179.6|6903946.1|2014|14118|privé sous contrat|Caen|COLLEGE PRIVE SAINT JOSEPH|Hors EP|759|113.5|10.7|44.4
0141160K|454179.6|6903946.1|2015|14118|privé sous contrat|Caen|COLLEGE PRIVE SAINT JOSEPH|Hors EP|777|86.4|11.4|17.6
0141160K|454179.6|6903946.1|2016|14118|privé sous contrat|Caen|COLLEGE PRIVE SAINT JOSEPH|Hors EP|788|96.9|11.8|0
0141160K|454179.6|6903946.1|2017|14118|privé sous contrat|Caen|COLLEGE PRIVE SAINT JOSEPH|Hors EP|807|101.9|10.6|40.6
0141163N|452357.4|6903618.8|2014|14118|privé sous contrat|Caen|COLLEGE PRIVE SAINT PAUL|Hors EP|430|108.8|11.3|9.7
0141163N|452357.4|6903618.8|2015|14118|privé sous contrat|Caen|COLLEGE PRIVE SAINT PAUL|Hors EP|434|92.8|9.4|27.6
0141163N|452357.4|6903618.8|2016|14118|privé sous contrat|Caen|COLLEGE PRIVE SAINT PAUL|Hors EP|436|93.3|9.5|8.8
0141163N|452357.4|6903618.8|2017|14118|privé sous contrat|Caen|COLLEGE PRIVE SAINT PAUL|Hors EP|449|123|10.6|24.2
0141166S|456880.8|6905028|2014|14327|privé sous contrat|Caen|COLLEGE PRIVE SAINT MICHEL|Hors EP|151|97.1|11.9|11.7
0141166S|456880.8|6905028|2015|14327|privé sous contrat|Caen|COLLEGE PRIVE SAINT MICHEL|Hors EP|143|97.9|13.2|23.4
0141166S|456880.8|6905028|2016|14327|privé sous contrat|Caen|COLLEGE PRIVE SAINT MICHEL|Hors EP|147|101.5|11.8|27.4
0141166S|456880.8|6905028|2017|14327|privé sous contrat|Caen|COLLEGE PRIVE SAINT MICHEL|Hors EP|180|92.4|9.7|17.6
0141167T|465625.5|6871217.9|2014|14258|privé sous contrat|Caen|COLLEGE PRIVE SAINTE TRINITE|Hors EP|250|104.5|11.6|13.8
0141167T|465625.5|6871217.9|2015|14258|privé sous contrat|Caen|COLLEGE PRIVE SAINTE TRINITE|Hors EP|241|106.6|12.1|17.4
0141167T|465625.5|6871217.9|2016|14258|privé sous contrat|Caen|COLLEGE PRIVE SAINTE TRINITE|Hors EP|240|107.1|11|21.1
0141167T|465625.5|6871217.9|2017|14258|privé sous contrat|Caen|COLLEGE PRIVE SAINTE TRINITE|Hors EP|209|119.3|11.9|9.4
0141168U|499162.5|6927840.6|2014|14333|privé sous contrat|Caen|COLLEGE PRIVE NOTRE DAME|Hors EP|115|103.2|12.9|18.7
0141168U|499162.5|6927840.6|2015|14333|privé sous contrat|Caen|COLLEGE PRIVE NOTRE DAME|Hors EP|123|92.4|9.1|33.4
0141168U|499162.5|6927840.6|2016|14333|privé sous contrat|Caen|COLLEGE PRIVE NOTRE DAME|Hors EP|135|92.8|10.5|17.9
0141168U|499162.5|6927840.6|2017|14333|privé sous contrat|Caen|COLLEGE PRIVE NOTRE DAME|Hors EP|134|102.9|10.7|7.3
0141171X|510272.3|6883637.4|2014|14478|privé sous contrat|Caen|COLLEGE PRIVE NOTRE DAME|Hors EP|177|115.7|11.9|17.6
0141171X|510272.3|6883637.4|2015|14478|privé sous contrat|Caen|COLLEGE PRIVE NOTRE DAME|Hors EP|171|93.9|10.9|27.7
0141171X|510272.3|6883637.4|2016|14478|privé sous contrat|Caen|COLLEGE PRIVE NOTRE DAME|Hors EP|166|93.3|11.6|36.1
0141171X|510272.3|6883637.4|2017|14478|privé sous contrat|Caen|COLLEGE PRIVE NOTRE DAME|Hors EP|165|98.9|8.4|11.9
0141212S|456594.3|6902418.5|2014|14118|privé sous contrat|Caen|COLLEGE PRIVE SACRE COEUR|Hors EP|449|107.5|10|16.2
0141212S|456594.3|6902418.5|2015|14118|privé sous contrat|Caen|COLLEGE PRIVE SACRE COEUR|Hors EP|462|108.7|12.7|30.9
0141212S|456594.3|6902418.5|2016|14118|privé sous contrat|Caen|COLLEGE PRIVE SACRE COEUR|Hors EP|459|101.8|11.2|15
0141212S|456594.3|6902418.5|2017|14118|privé sous contrat|Caen|COLLEGE PRIVE SACRE COEUR|Hors EP|458|91.2|12.8|27.7
0141214U|439264.2|6867045.5|2014|14174|privé sous contrat|Caen|COLLEGE PRIVE SACRE COEUR|Hors EP|99|68.3|10.2|7.3
0141214U|439264.2|6867045.5|2015|14174|privé sous contrat|Caen|COLLEGE PRIVE SACRE COEUR|Hors EP|103|94.2|12.7|21.1
0141214U|439264.2|6867045.5|2016|14174|privé sous contrat|Caen|COLLEGE PRIVE SACRE COEUR|Hors EP|89|112.1|11.6|30.2
0141214U|439264.2|6867045.5|2017|14174|privé sous contrat|Caen|COLLEGE PRIVE SACRE COEUR|Hors EP|93|105.3|10.9|5.8
0141216W|454761.3|6916319.3|2014|14228|privé sous contrat|Caen|COLLEGE PRIVE MAITRISE NOTRE DAME|Hors EP|636|79|10.1|20.7
0141216W|454761.3|6916319.3|2015|14228|privé sous contrat|Caen|COLLEGE PRIVE MAITRISE NOTRE DAME|Hors EP|654|101.3|12.2|23.5
0141216W|454761.3|6916319.3|2016|14228|privé sous contrat|Caen|COLLEGE PRIVE MAITRISE NOTRE DAME|Hors EP|617|99.6|11.1|25.6
0141216W|454761.3|6916319.3|2017|14228|privé sous contrat|Caen|COLLEGE PRIVE MAITRISE NOTRE DAME|Hors EP|638|94.8|8.2|21.8
0141219Z|498098|6897262.9|2014|14366|privé sous contrat|Caen|COLLEGE PRIVE SAINT JEAN BAPTISTE DE LA SALLE|Hors EP|191|104.5|12.2|29.3
0141219Z|498098|6897262.9|2015|14366|privé sous contrat|Caen|COLLEGE PRIVE SAINT JEAN BAPTISTE DE LA SALLE|Hors EP|200|104|10|36.6
0141219Z|498098|6897262.9|2016|14366|privé sous contrat|Caen|COLLEGE PRIVE SAINT JEAN BAPTISTE DE LA SALLE|Hors EP|184|123.8|11.4|13.4
0141219Z|498098|6897262.9|2017|14366|privé sous contrat|Caen|COLLEGE PRIVE SAINT JEAN BAPTISTE DE LA SALLE|Hors EP|196|96.8|12.3|15.9
0141226G|478187.5|6883890.8|2014|14654|privé sous contrat|Caen|COLLEGE PRIVE SAINTE THERESE|Hors EP|371|81.9|10.8|8.6
0141226G|478187.5|6883890.8|2015|14654|privé sous contrat|Caen|COLLEGE PRIVE SAINTE THERESE|Hors EP|380|94.1|8.9|26.4
0141226G|478187.5|6883890.8|2016|14654|privé sous contrat|Caen|COLLEGE PRIVE SAINTE THERESE|Hors EP|364|101.7|11.7|28.9
0141226G|478187.5|6883890.8|2017|14654|privé sous contrat|Caen|COLLEGE PRIVE SAINTE THERESE|Hors EP|384|104.4|11|32.6
0141228J|445527.6|6881507.6|2014|14689|privé sous contrat|Caen|COLLEGE PRIVE NOTRE DAME|Hors EP|334|101.5|12.6|0
0141228J|445527.6|6881507.6|2015|14689|privé sous contrat|Caen|COLLEGE PRIVE NOTRE DAME|Hors EP|340|106.1|11|11.8
0141228J|445527.6|6881507.6|2016|14689|privé sous contrat|Caen|COLLEGE PRIVE NOTRE DAME|Hors EP|319|126.1|10.8|28.6
0141228J|445527.6|6881507.6|2017|14689|privé sous contrat|Caen|COLLEGE PRIVE NOTRE DAME|Hors EP|313|96.5|9.5|0
0141256P|457986.5|6902557.4|2014|14437|public|Caen|COLLEGE GISELE GUILLEMOT|Hors EP|359|114.6|12|30.1
0141256P|457986.5|6902557.4|2015|14437|public|Caen|COLLEGE GISELE GUILLEMOT|Hors EP|307|87|11.6|29.1
0141256P|457986.5|6902557.4|2016|14437|public|Caen|COLLEGE GISELE GUILLEMOT|Hors EP|310|95.1|11.9|37.4
0141256P|457986.5|6902557.4|2017|14437|public|Caen|COLLEGE GISELE GUILLEMOT|Hors EP|286|80.1|11.8|22.2
0141257R|401607.1|6920993.2|2014|14342|public|Caen|COLLEGE DU VAL D AURE|REP|221|128.7|12.7|17.8
0141257R|401607.1|6920993.2|2015|14342|public|Caen|COLLEGE DU VAL D AURE|REP|215|102|9.8|24.2
0141257R|401607.1|6920993.2|2016|14342|public|Caen|COLLEGE DU VAL D AURE|REP|199|110.2|10.7|15
0141257R|401607.1|6920993.2|2017|14342|public|Caen|COLLEGE DU VAL D AURE|REP|168|88.9|12.1|19.1
0141258S|440060.3|6867135|2014|14174|public|Caen|COLLEGE DUMONT D URVILLE|Hors EP|370|76.6|10|27.3
0141258S|440060.3|6867135|2015|14174|public|Caen|COLLEGE DUMONT D URVILLE|Hors EP|351|98.1|10.3|7.2
0141258S|440060.3|6867135|2016|14174|public|Caen|COLLEGE DUMONT D URVILLE|Hors EP|343|94.5|10.7|7
0141258S|440060.3|6867135|2017|14174|public|Caen|COLLEGE DUMONT D URVILLE|Hors EP|353|89.1|10.7|17.5
0141268C|455928.9|6900864.6|2014|14118|public|Caen|COLLEGE GUILLAUME DE NORMANDIE|REP|606|92.8|10.8|7.6
0141268C|455928.9|6900864.6|2015|14118|public|Caen|COLLEGE GUILLAUME DE NORMANDIE|REP|639|96.8|10.3|26.8
0141268C|455928.9|6900864.6|2016|14118|public|Caen|COLLEGE GUILLAUME DE NORMANDIE|REP|621|117.2|10.9|24.7
0141268C|455928.9|6900864.6|2017|14118|public|Caen|COLLEGE GUILLAUME DE NORMANDIE|REP|585|95.4|12.4|14.2
0141270E|474671.7|6912922.3|2014|14225|public|Caen|COLLEGE PAUL ELUARD|Hors EP|264|90.1|10.8|23.3
0141270E|474671.7|6912922.3|2015|14225|public|Caen|COLLEGE PAUL ELUARD|Hors EP|255|104.1|11.4|20.4
0141270E|474671.7|6912922.3|2016|14225|public|Caen|COLLEGE PAUL ELUARD|Hors EP|329|113.5|12.6|24.7
0141270E|474671.7|6912922.3|2017|14225|public|Caen|COLLEGE PAUL ELUARD|Hors EP|333|99.1|12.4|40.3
0141271F|463146.6|6913855.2|2014|14488|public|Caen|COLLEGE JEAN MONNET|Hors EP|656|105.6|11.2|5.2
0141271F|463146.6|6913855.2|2015|14488|public|Caen|COLLEGE JEAN MONNET|Hors EP|646|87.8|11.6|10.8
0141271F|463146.6|6913855.2|2016|14488|public|Caen|COLLEGE JEAN MONNET|Hors EP|638|90.4|9.9|28.5
0141271F|463146.6|6913855.2|2017|14488|public|Caen|COLLEGE JEAN MONNET|Hors EP|635|89.3|10.4|2.7
0141272G|478462.8|6883245.1|2014|14654|public|Caen|COLLEGE JACQUES PREVERT|Hors EP|416|72.5|14.8|10.3
0141272G|478462.8|6883245.1|2015|14654|public|Caen|COLLEGE JACQUES PREVERT|Hors EP|422|92.6|12.7|22.5
0141272G|478462.8|6883245.1|2016|14654|public|Caen|COLLEGE JACQUES PREVERT|Hors EP|408|80.2|9.7|27.2
0141272G|478462.8|6883245.1|2017|14654|public|Caen|COLLEGE JACQUES PREVERT|Hors EP|377|99.5|10.8|12.3
0141273H|489029.5|6921678.9|2014|14715|public|Caen|COLLEGE CHARLES MOZIN|Hors EP|292|126.9|10.1|7
0141273H|489029.5|6921678.9|2015|14715|public|Caen|COLLEGE CHARLES MOZIN|Hors EP|266|108.7|12.8|23.5
0141273H|489029.5|6921678.9|2016|14715|public|Caen|COLLEGE CHARLES MOZIN|Hors EP|280|96.6|9.4|11.8
0141273H|489029.5|6921678.9|2017|14715|public|Caen|COLLEGE CHARLES MOZIN|Hors EP|316|102.3|10.6|24.8
0141312A|457445.8|6887644.5|2014|14100|public|Caen|COLLEGE CINGAL|Hors EP|458|115.4|13.1|29.4
0141312A|457445.8|6887644.5|2015|14100|public|Caen|COLLEGE CINGAL|Hors EP|462|71.4|10.9|7
0141312A|457445.8|6887644.5|2016|14100|public|Caen|COLLEGE CINGAL|Hors EP|483|95.6|10.1|13.7
0141312A|457445.8|6887644.5|2017|14100|public|Caen|COLLEGE CINGAL|Hors EP|481|106.2|11.7|32.7
0141313B|455486.2|6903043.8|2014|14118|public|Caen|COLLEGE HENRI BRUNET|Hors EP|349|85.8|8.9|6.9
0141313B|455486.2|6903043.8|2015|14118|public|Caen|COLLEGE HENRI BRUNET|Hors EP|358|113.5|12.5|40.5
0141313B|455486.2|6903043.8|2016|14118|public|Caen|COLLEGE HENRI BRUNET|Hors EP|345|77.9|10|16.1
0141313B|455486.2|6903043.8|2017|14118|public|Caen|COLLEGE HENRI BRUNET|Hors EP|345|107.8|11.5|39.5
0141315D|499190.9|6897319|2014|14366|public|Caen|COLLEGE PIERRE SIMON DE LAPLACE|REP|336|108.6|11.4|16.1
0141315D|499190.9|6897319|2015|14366|public|Caen|COLLEGE PIERRE SIMON DE LAPLACE|REP|319|85.8|11.4|13
0141315D|499190.9|6897319|2016|14366|public|Caen|COLLEGE PIERRE SIMON DE LAPLACE|REP|284|98.8|10.3|36.5
0141315D|499190.9|6897319|2017|14366|public|Caen|COLLEGE PIERRE SIMON DE LAPLACE|REP|266|101.6|9.3|8.6
0141363F|456263.4|6905305.8|2014|14327|public|Caen|COLLEGE NELSON MANDELA|REP|349|94.6|11.9|15
0141363F|456263.4|6905305.8|2015|14327|public|Caen|COLLEGE NELSON MANDELA|REP|339|110.9|10.2|12.8
0141363F|456263.4|6905305.8|2016|14327|public|Caen|COLLEGE NELSON MANDELA|REP|348|99.7|11|5.8
0141363F|456263.4|6905305.8|2017|14327|public|Caen|COLLEGE NELSON MANDELA|REP|347|88.6|9.3|30.8
0141553M|454944.3|6900494.7|2014|14271|public|Caen|COLLEGE STEPHEN HAWKING|REP+|281|112.2|12|10.2
0141553M|454944.3|6900494.7|2015|14271|public|Caen|COLLEGE STEPHEN HAWKING|REP+|280|95.6|11.4|5.7
0141553M|454944.3|6900494.7|2016|14271|public|Caen|COLLEGE STEPHEN HAWKING|REP+|264|96.5|14.3|12.7
0141553M|454944.3|6900494.7|2017|14271|public|Caen|COLLEGE STEPHEN HAWKING|REP+|292|90.8|11.1|5.6
0141554N|453267.4|6903889.9|2014|14118|public|Caen|COLLEGE DUNOIS|Hors EP|468|98.9|10|22.6
0141554N|453267.4|6903889.9|2015|14118|public|Caen|COLLEGE DUNOIS|Hors EP|483|104.9|10.6|31.9
0141554N|453267.4|6903889.9|2016|14118|public|Caen|COLLEGE DUNOIS|Hors EP|484|108.9|12.8|10.8
0141554N|453267.4|6903889.9|2017|14118|public|Caen|COLLEGE DUNOIS|Hors EP|502|106.9|11.2|34.7
0141596J|451506|6903267.4|2014|14118|public|Caen|COLLEGE JEAN MOULIN|Hors EP|433|103.2|11.1|5
0141596J|451506|6903267.4|2015|14118|public|Caen|COLLEGE JEAN MOULIN|Hors EP|465|106.2|8.8|16.2
0141596J|451506|6903267.4|2016|14118|public|Caen|COLLEGE JEAN MOULIN|Hors EP|500|115.3|11.8|21.5
0141596J|451506|6903267.4|2017|14118|public|Caen|COLLEGE JEAN MOULIN|Hors EP|525|103.3|11.8|11.5
0141597K|455561.8|6905293.3|2014|14118|public|Caen|COLLEGE FERNAND LECHANTEUR|Hors EP|507|85.9|10.7|9.9
0141597K|455561.8|6905293.3|2015|14118|public|Caen|COLLEGE FERNAND LECHANTEUR|Hors EP|537|93.9|12.3|24
0141597K|455561.8|6905293.3|2016|14118|public|Caen|COLLEGE FERNAND LECHANTEUR|Hors EP|537|93.8|12.8|12.9
0141597K|455561.8|6905293.3|2017|14118|public|Caen|COLLEGE FERNAND LECHANTEUR|Hors EP|528|116|9.7|17.8
0141641H|445800.7|6881074.4|2014|14689|public|Caen|COLLEGE ROGER BELLAIR|Hors EP|542|110.9|10.9|31.4
0141641H|445800.7|6881074.4|2015|14689|public|Caen|COLLEGE ROGER BELLAIR|Hors EP|510|108.1|10.6|20.4
0141641H|445800.7|6881074.4|2016|14689|public|Caen|COLLEGE ROGER BELLAIR|Hors EP|544|88.8|11.3|0.4
0141641H|445800.7|6881074.4|2017|14689|public|Caen|COLLEGE ROGER BELLAIR|Hors EP|522|114|11.3|29.1
0141642J|417466.3|6911416.2|2014|14370|public|Caen|COLLEGE DE LA MINE|Hors EP|286|102.6|10.6|39.8
0141642J|417466.3|6911416.2|2015|14370|public|Caen|COLLEGE DE LA MINE|Hors EP|298|97.5|12.6|23.2
0141642J|417466.3|6911416.2|2016|14370|public|Caen|COLLEGE DE LA MINE|Hors EP|284|85.4|12.8|33.4
0141642J|417466.3|6911416.2|2017|14370|public|Caen|COLLEGE DE LA MINE|Hors EP|297|111.8|8.6|28.2
0141662F|434895|6886564.7|2014|14027|public|Caen|COLLEGE CHARLES LEMAITRE|Hors EP|294|115.3|13.3|14.9
0141662F|434895|6886564.7|2015|14027|public|Caen|COLLEGE CHARLES LEMAITRE|Hors EP|308|90.2|12.1|27.3
0141662F|434895|6886564.7|2016|14027|public|Caen|COLLEGE CHARLES LEMAITRE|Hors EP|305|83.6|10.1|19.8
0141662F|434895|6886564.7|2017|14027|public|Caen|COLLEGE CHARLES LEMAITRE|Hors EP|316|98.1|11.3|17.2
0141684E|467538.5|6902503.7|2014|14712|public|Caen|COLLEGE MONTGOMERI|Hors EP|510|104|9.9|34.3
0141684E|467538.5|6902503.7|2015|14712|public|Caen|COLLEGE MONTGOMERI|Hors EP|524|90|9.7|16.5
0141684E|467538.5|6902503.7|2016|14712|public|Caen|COLLEGE MONTGOMERI|Hors EP|522|91.6|8.3|13.9
0141684E|467538.5|6902503.7|2017|14712|public|Caen|COLLEGE MONTGOMERI|Hors EP|505|98.4|10.9|16.3
0141762P|430025.5|6915090|2014|14047|public|Caen|COLLEGE ALAIN CHARTIER|Hors EP|508|99.1|11.6|14.1
0141762P|430025.5|6915090|2015|14047|public|Caen|COLLEGE ALAIN CHARTIER|Hors EP|491|95.9|12.3|33.8
0141762P|430025.5|6915090|2016|14047|public|Caen|COLLEGE ALAIN CHARTIER|Hors EP|436|95|11.6|8.2
0141762P|430025.5|6915090|2017|14047|public|Caen|COLLEGE ALAIN CHARTIER|Hors EP|452|131.1|10.8|27.4
0141763R|487546|6922159.3|2014|14220|public|Caen|COLLEGE ANDRE MAUROIS|Hors EP|348|94.8|10.1|33.8
0141763R|487546|6922159.3|2015|14220|public|Caen|COLLEGE ANDRE MAUROIS|Hors EP|329|92.9|12.7|6.8
0141763R|487546|6922159.3|2016|14220|public|Caen|COLLEGE ANDRE MAUROIS|Hors EP|304|93|13.4|27.3
0141763R|487546|6922159.3|2017|14220|public|Caen|COLLEGE ANDRE MAUROIS|Hors EP|296|87.1|8.7|22.5
0141764S|465912.4|6870536.1|2014|14258|public|Caen|COLLEGE DES DOUITS|Hors EP|754|94.2|10.6|6.9
0141764S|465912.4|6870536.1|2015|14258|public|Caen|COLLEGE DES DOUITS|Hors EP|758|100.6|10.9|22.3
0141764S|465912.4|6870536.1|2016|14258|public|Caen|COLLEGE DES DOUITS|Hors EP|786|105.4|11.8|30.5
0141764S|465912.4|6870536.1|2017|14258|public|Caen|COLLEGE DES DOUITS|Hors EP|832|85.5|11.1|24.9
0141765T|499409.4|6925898.1|2014|14333|public|Caen|COLLEGE ALPHONSE ALLAIS|Hors EP|593|94.2|12.2|41.6
0141765T|499409.4|6925898.1|2015|14333|public|Caen|COLLEGE ALPHONSE ALLAIS|Hors EP|569|96.7|10.8|14.7
0141765T|499409.4|6925898.1|2016|14333|public|Caen|COLLEGE ALPHONSE ALLAIS|Hors EP|551|111.5|11.3|24.1
0141765T|499409.4|6925898.1|2017|14333|public|Caen|COLLEGE ALPHONSE ALLAIS|Hors EP|553|95.6|10.8|4.4
0141766U|497537.2|6897999.4|2014|14366|public|Caen|COLLEGE MARCEL GAMBIER|Hors EP|780|96.6|10.9|8.7
0141766U|497537.2|6897999.4|2015|14366|public|Caen|COLLEGE MARCEL GAMBIER|Hors EP|742|98.7|10.9|8.5
0141766U|497537.2|6897999.4|2016|14366|public|Caen|COLLEGE MARCEL GAMBIER|Hors EP|672|104.9|12.3|17.4
0141766U|497537.2|6897999.4|2017|14366|public|Caen|COLLEGE MARCEL GAMBIER|Hors EP|612|106.3|10.4|7.6
0141767V|415094.5|6866888.5|2014|14762|public|Caen|COLLEGE MAUPAS|Hors EP|527|98.4|9.2|2.6
0141767V|415094.5|6866888.5|2015|14762|public|Caen|COLLEGE MAUPAS|Hors EP|503|86.3|9.8|3.2
0141767V|415094.5|6866888.5|2016|14762|public|Caen|COLLEGE MAUPAS|Hors EP|483|91.4|12.9|16.6
0141767V|415094.5|6866888.5|2017|14762|public|Caen|COLLEGE MAUPAS|Hors EP|447|98.3|12.3|24.1
0141810S|455208.8|6904111.9|2014|14118|privé sous contrat|Caen|COLLEGE PRIVE SAINT PIERRE LEBISEY|Hors EP|431|104|11.6|16.1
0141810S|455208.8|6904111.9|2015|14118|privé sous contrat|Caen|COLLEGE PRIVE SAINT PIERRE LEBISEY|Hors EP|438|104.1|11.5|25.4
0141810S|455208.8|6904111.9|2016|14118|privé sous contrat|Caen|COLLEGE PRIVE SAINT PIERRE LEBISEY|Hors EP|470|126.4|10.4|9.7
0141810S|455208.8|6904111.9|2017|14118|privé sous contrat|Caen|COLLEGE PRIVE SAINT PIERRE LEBISEY|Hors EP|514|110.5|11.5|6.5
0141812U|473035.1|6912759.1|2014|14117|privé sous contrat|Caen|COLLEGE PRIVE SAINT LOUIS|Hors EP|86|108|12.2|52.1
0141812U|473035.1|6912759.1|2015|14117|privé sous contrat|Caen|COLLEGE PRIVE SAINT LOUIS|Hors EP|109|97.5|8.7|20.1
0141812U|473035.1|6912759.1|2016|14117|privé sous contrat|Caen|COLLEGE PRIVE SAINT LOUIS|Hors EP|183|109.2|10.9|45
0141812U|473035.1|6912759.1|2017|14117|privé sous contrat|Caen|COLLEGE PRIVE SAINT LOUIS|Hors EP|199|109.1|9.2|12.2
0141816Y|453723.2|6905970.1|2014|14118|public|Caen|COLLEGE JACQUES MONOD|Hors EP|480|98|12.6|16.9
0141816Y|453723.2|6905970.1|2015|14118|public|Caen|COLLEGE JACQUES MONOD|Hors EP|493|98.8|12.2|0
0141816Y|453723.2|6905970.1|2016|14118|public|Caen|COLLEGE JACQUES MONOD|Hors EP|500|98.9|10.1|32.8
0141816Y|453723.2|6905970.1|2017|14118|public|Caen|COLLEGE JACQUES MONOD|Hors EP|493|93.1|9.7|15.9
0141860W|430389.4|6915483.6|2014|14047|privé sous contrat|Caen|COLLEGE PRIVE INSTITUTION JEANNE D ARC|Hors EP|619|77.3|10.8|25.4
0141860W|430389.4|6915483.6|2015|14047|privé sous contrat|Caen|COLLEGE PRIVE INSTITUTION JEANNE D ARC|Hors EP|641|113.4|12.1|9.5
0141860W|430389.4|6915483.6|2016|14047|privé sous contrat|Caen|COLLEGE PRIVE INSTITUTION JEANNE D ARC|Hors EP|693|106.6|10.5|24.1
0141860W|430389.4|6915483.6|2017|14047|privé sous contrat|Caen|COLLEGE PRIVE INSTITUTION JEANNE D ARC|Hors EP|708|99.7|10.4|18.9
0141862Y|497880.2|6897890.9|2014|14366|privé sous contrat|Caen|COLLEGE PRIVE NOTRE DAME|Hors EP|632|118.3|11.5|43.6
0141862Y|497880.2|6897890.9|2015|14366|privé sous contrat|Caen|COLLEGE PRIVE NOTRE DAME|Hors EP|601|83.5|11|16.4
0141862Y|497880.2|6897890.9|2016|14366|privé sous contrat|Caen|COLLEGE PRIVE NOTRE DAME|Hors EP|595|113.3|11.4|24.6
0141862Y|497880.2|6897890.9|2017|14366|privé sous contrat|Caen|COLLEGE PRIVE NOTRE DAME|Hors EP|600|103.8|11.8|26.6
0141863Z|490433.9|6922881.2|2014|14715|privé sous contrat|Caen|COLLEGE PRIVE MARIE JOSEPH|Hors EP|593|103.1|10.2|35.9
0141863Z|490433.9|6922881.2|2015|14715|privé sous contrat|Caen|COLLEGE PRIVE MARIE JOSEPH|Hors EP|608|91.8|12.1|21.8
0141863Z|490433.9|6922881.2|2016|14715|privé sous contrat|Caen|COLLEGE PRIVE MARIE JOSEPH|Hors EP|595|97.5|10.8|8.4
0141863Z|490433.9|6922881.2|2017|14715|privé sous contrat|Caen|COLLEGE PRIVE MARIE JOSEPH|Hors EP|565|116.8|10.6|26.3
0141864A|414885.9|6867317|2014|14762|privé sous contrat|Caen|COLLEGE PRIVE INSTITUT SAINT JEAN EUDES|Hors EP|181|86.7|10.4|16.4
0141864A|414885.9|6867317|2015|14762|privé sous contrat|Caen|COLLEGE PRIVE INSTITUT SAINT JEAN EUDES|Hors EP|178|105.4|10.6|15.8
0141864A|414885.9|6867317|2016|14762|privé sous contrat|Caen|COLLEGE PRIVE INSTITUT SAINT JEAN EUDES|Hors EP|206|101.9|10.9|17.2
0141864A|414885.9|6867317|2017|14762|privé sous contrat|Caen|COLLEGE PRIVE INSTITUT SAINT JEAN EUDES|Hors EP|217|77.6|11.5|17.9
0141940H|459165.7|6908239.9|2014|14076|public|Caen|COLLEGE LANGEVIN WALLON|Hors EP|370|86.7|9.2|-0
0141940H|459165.7|6908239.9|2015|14076|public|Caen|COLLEGE LANGEVIN WALLON|Hors EP|356|104.7|10.3|20
0141940H|459165.7|6908239.9|2016|14076|public|Caen|COLLEGE LANGEVIN WALLON|Hors EP|362|88.3|12.5|20.9
0141940H|459165.7|6908239.9|2017|14076|public|Caen|COLLEGE LANGEVIN WALLON|Hors EP|347|111.4|11.7|17.6
0141964J|460819.9|6903317.7|2014|14301|public|Caen|COLLEGE EMILE ZOLA|Hors EP|491|90.5|11.3|19.7
0141964J|460819.9|6903317.7|2015|14301|public|Caen|COLLEGE EMILE ZOLA|Hors EP|492|99.7|12.7|6.4
0141964J|460819.9|6903317.7|2016|14301|public|Caen|COLLEGE EMILE ZOLA|Hors EP|488|121.5|11.5|25.4
0141964J|460819.9|6903317.7|2017|14301|public|Caen|COLLEGE EMILE ZOLA|Hors EP|482|91.2|12.4|17.8
0142145F|414598|6868011.6|2014|14762|public|Caen|COLLEGE LE VAL DE VIRE|Hors EP|310|89.4|11.8|20.6
0142145F|414598|6868011.6|2015|14762|public|Caen|COLLEGE LE VAL DE VIRE|Hors EP|291|105.1|11.6|12.6
0142145F|414598|6868011.6|2016|14762|public|Caen|COLLEGE LE VAL DE VIRE|Hors EP|290|112.6|12.5|34
0142145F|414598|6868011.6|2017|14762|public|Caen|COLLEGE LE VAL DE VIRE|Hors EP|267|96.4|10.5|13.7
0142271T|455571.9|6898082.5|2014|14341|public|Caen|COLLEGE LEOPOLD SEDAR SENGHOR|Hors EP|510|110.6|10.5|2.6
0142271T|455571.9|6898082.5|2015|14341|public|Caen|COLLEGE LEOPOLD SEDAR SENGHOR|Hors EP|521|94.5|10.7|17.4
0142271T|455571.9|6898082.5|2016|14341|public|Caen|COLLEGE LEOPOLD SEDAR SENGHOR|Hors EP|563|96.3|11|0
0142271T|455571.9|6898082.5|2017|14341|public|Caen|COLLEGE LEOPOLD SEDAR SENGHOR|Hors EP|610|81.7|12.9|24.6
0500001E|364183|6894180.4|2014|50003|public|Caen|COLLEGE LES EMBRUNS|Hors EP|336|109.2|11.4|26.7
0500001E|364183|6894180.4|2015|50003|public|Caen|COLLEGE LES EMBRUNS|Hors EP|315|92.6|10.3|11.8
0500001E|364183|6894180.4|2016|50003|public|Caen|COLLEGE LES EMBRUNS|Hors EP|309|103.6|10.5|1.1
0500001E|364183|6894180.4|2017|50003|public|Caen|COLLEGE LES EMBRUNS|Hors EP|290|92.3|9.7|23
0500003G|378994.7|6851402.9|2014|50025|public|Caen|COLLEGE CHALLEMEL LACOUR|Hors EP|436|105.6|10.9|12.9
0500003G|378994.7|6851402.9|2015|50025|public|Caen|COLLEGE CHALLEMEL LACOUR|Hors EP|446|97.7|11.7|25.7
0500003G|378994.7|6851402.9|2016|50025|public|Caen|COLLEGE CHALLEMEL LACOUR|Hors EP|427|90.3|11.6|8.7
0500003G|378994.7|6851402.9|2017|50025|public|Caen|COLLEGE CHALLEMEL LACOUR|Hors EP|430|80.6|10.3|24.2
0500006K|350638.1|6962776.5|2014|50041|public|Caen|COLLEGE LE HAGUE DIKE|Hors EP|530|93.6|10.6|12.8
0500006K|350638.1|6962776.5|2015|50041|public|Caen|COLLEGE LE HAGUE DIKE|Hors EP|500|89.6|12.1|19
0500006K|350638.1|6962776.5|2016|50041|public|Caen|COLLEGE LE HAGUE DIKE|Hors EP|510|106.9|9.5|32.3
0500006K|350638.1|6962776.5|2017|50041|public|Caen|COLLEGE LE HAGUE DIKE|Hors EP|526|99.7|9.5|21.8
0500010P|364439.8|6939769.2|2014|50082|public|Caen|COLLEGE MARCEL GRILLARD|Hors EP|537|79.1|10.5|16.3
0500010P|364439.8|6939769.2|2015|50082|public|Caen|COLLEGE MARCEL GRILLARD|Hors EP|540|93.1|12.6|23
0500010P|364439.8|6939769.2|2016|50082|public|Caen|COLLEGE MARCEL GRILLARD|Hors EP|558|111.1|10.2|32.4
0500010P|364439.8|6939769.2|2017|50082|public|Caen|COLLEGE MARCEL GRILLARD|Hors EP|502|95.9|10.8|21.2
0500011R|394961|6894498.8|2014|50095|public|Caen|COLLEGE JEAN FOLLAIN|Hors EP|275|100.1|12.2|20.9
0500011R|394961|6894498.8|2015|50095|public|Caen|COLLEGE JEAN FOLLAIN|Hors EP|261|99.9|9.8|22.9
0500011R|394961|6894498.8|2016|50095|public|Caen|COLLEGE JEAN FOLLAIN|Hors EP|269|107|10.9|24.9
0500011R|394961|6894498.8|2017|50095|public|Caen|COLLEGE JEAN FOLLAIN|Hors EP|276|114.4|10.2|18.5
0500012S|390807.4|6919604.5|2014|50099|public|Caen|COLLEGE LEON GAMBETTA|Hors EP|418|95.5|10.7|18.6
0500012S|390807.4|6919604.5|2015|50099|public|Caen|COLLEGE LEON GAMBETTA|Hors EP|413|102.8|10.6|15.1
0500012S|390807.4|6919604.5|2016|50099|public|Caen|COLLEGE LEON GAMBETTA|Hors EP|385|106.1|10.6|9.6
0500012S|390807.4|6919604.5|2017|50099|public|Caen|COLLEGE LEON GAMBETTA|Hors EP|348|111.6|11.1|39.1
0500014U|387313.9|6889212.6|2014|50111|public|Caen|COLLEGE ANNE HEURGON DESJARDINS|Hors EP|211|108.8|10.6|12.3
0500014U|387313.9|6889212.6|2015|50111|public|Caen|COLLEGE ANNE HEURGON DESJARDINS|Hors EP|198|92.4|9.9|21.2
0500014U|387313.9|6889212.6|2016|50111|public|Caen|COLLEGE ANNE HEURGON DESJARDINS|Hors EP|200|101.6|9.3|27.1
0500014U|387313.9|6889212.6|2017|50111|public|Caen|COLLEGE ANNE HEURGON DESJARDINS|Hors EP|188|126.2|9.8|18.6
0500024E|366747.2|6958627.2|2014|50129|public|Caen|COLLEGE INGENIEUR CACHIN|Hors EP|328|96.3|12.1|21.7
0500024E|366747.2|6958627.2|2015|50129|public|Caen|COLLEGE INGENIEUR CACHIN|Hors EP|283|106.4|11.1|25
0500024E|366747.2|6958627.2|2016|50129|public|Caen|COLLEGE INGENIEUR CACHIN|Hors EP|275|106.6|11.4|6.8
0500024E|366747.2|6958627.2|2017|50129|public|Caen|COLLEGE INGENIEUR CACHIN|Hors EP|271|104.2|10.3|21.6
0500034R|363883.7|6960013|2014|50129|public|Caen|COLLEGE RAYMOND LE CORRE|Hors EP|431|87.8|12|2.4
0500034R|363883.7|6960013|2015|50129|public|Caen|COLLEGE RAYMOND LE CORRE|Hors EP|394|101.8|9.3|7.2
0500034R|363883.7|6960013|2016|50129|public|Caen|COLLEGE RAYMOND LE CORRE|Hors EP|393|112.6|10.3|43.9
0500034R|363883.7|6960013|2017|50129|public|Caen|COLLEGE RAYMOND LE CORRE|Hors EP|381|101.7|11.5|22.8
0500035S|381104.1|6876430.7|2014|50197|public|Caen|COLLEGE ROLAND VAUDATIN|Hors EP|219|107.5|11.3|15.8
0500035S|381104.1|6876430.7|2015|50197|public|Caen|COLLEGE ROLAND VAUDATIN|Hors EP|206|99.5|12.3|3.7
0500035S|381104.1|6876430.7|2016|50197|public|Caen|COLLEGE ROLAND VAUDATIN|Hors EP|190|111.4|12.7|10.4
0500035S|381104.1|6876430.7|2017|50197|public|Caen|COLLEGE ROLAND VAUDATIN|Hors EP|187|108.7|10.3|20.9
0500039W|361881.9|6869474.4|2014|50218|public|Caen|COLLEGE ANDRE MALRAUX|Hors EP|672|109.5|10.3|18
0500039W|361881.9|6869474.4|2015|50218|public|Caen|COLLEGE ANDRE MALRAUX|Hors EP|687|109.6|11|34.9
0500039W|361881.9|6869474.4|2016|50218|public|Caen|COLLEGE ANDRE MALRAUX|Hors EP|650|101.7|9.8|26.8
0500039W|361881.9|6869474.4|2017|50218|public|Caen|COLLEGE ANDRE MALRAUX|Hors EP|656|96.2|12.2|21.2
0500042Z|377306.5|6864372.9|2014|50237|public|Caen|COLLEGE LOUIS BEUVE|Hors EP|275|99.9|8.6|27
0500042Z|377306.5|6864372.9|2015|50237|public|Caen|COLLEGE LOUIS BEUVE|Hors EP|261|97|12.2|27.7
0500042Z|377306.5|6864372.9|2016|50237|public|Caen|COLLEGE LOUIS BEUVE|Hors EP|276|99.6|11.6|15
0500042Z|377306.5|6864372.9|2017|50237|public|Caen|COLLEGE LOUIS BEUVE|Hors EP|304|97.8|10|40.4
0500046D|390285.2|6897251.6|2014|50292|public|Caen|COLLEGE JEAN MONNET|Hors EP|328|105.9|11.1|1.6
0500046D|390285.2|6897251.6|2015|50292|public|Caen|COLLEGE JEAN MONNET|Hors EP|315|107.5|11.3|21.7
0500046D|390285.2|6897251.6|2016|50292|public|Caen|COLLEGE JEAN MONNET|Hors EP|307|101.5|8.8|27.4
0500046D|390285.2|6897251.6|2017|50292|public|Caen|COLLEGE JEAN MONNET|Hors EP|291|104.2|10.6|20.8
0500047E|382262.3|6940836.8|2014|50341|public|Caen|COLLEGE TIPHAIGNE DE LA ROCHE|Hors EP|216|93.9|10.4|24.1
0500047E|382262.3|6940836.8|2015|50341|public|Caen|COLLEGE TIPHAIGNE DE LA ROCHE|Hors EP|242|82.4|11.4|3.4
0500047E|382262.3|6940836.8|2016|50341|public|Caen|COLLEGE TIPHAIGNE DE LA ROCHE|Hors EP|232|98.8|11.3|27.8
0500047E|382262.3|6940836.8|2017|50341|public|Caen|COLLEGE TIPHAIGNE DE LA ROCHE|Hors EP|213|118.6|11.3|24.9
0500048F|369363.1|6885883.5|2014|50349|public|Caen|COLLEGE LES COURTILS|Hors EP|337|116.8|12.3|13
0500048F|369363.1|6885883.5|2015|50349|public|Caen|COLLEGE LES COURTILS|Hors EP|340|89.3|9|17
0500048F|369363.1|6885883.5|2016|50349|public|Caen|COLLEGE LES COURTILS|Hors EP|316|106.6|11.9|14.6
0500048F|369363.1|6885883.5|2017|50349|public|Caen|COLLEGE LES COURTILS|Hors EP|322|91.5|10.7|27.7
0500050H|410139.1|6845423.8|2014|50359|public|Caen|COLLEGE ROBERT DE MORTAIN|Hors EP|300|106.9|12.7|30.4
0500050H|410139.1|6845423.8|2015|50359|public|Caen|COLLEGE ROBERT DE MORTAIN|Hors EP|309|86.2|9.8|22.5
0500050H|410139.1|6845423.8|2016|50359|public|Caen|COLLEGE ROBERT DE MORTAIN|Hors EP|328|87.3|13.1|26.5
0500050H|410139.1|6845423.8|2017|50359|public|Caen|COLLEGE ROBERT DE MORTAIN|Hors EP|330|89.2|13|17.9
0500052K|393017.8|6876410.5|2014|50393|public|Caen|COLLEGE LE MOULIN DE HAUT|Hors EP|200|89.1|11.3|4.8
0500052K|393017.8|6876410.5|2015|50393|public|Caen|COLLEGE LE MOULIN DE HAUT|Hors EP|196|123.5|10.4|31.5
0500052K|393017.8|6876410.5|2016|50393|public|Caen|COLLEGE LE MOULIN DE HAUT|Hors EP|190|94.3|12.4|40.1
0500052K|393017.8|6876410.5|2017|50393|public|Caen|COLLEGE LE MOULIN DE HAUT|Hors EP|192|95.1|13.9|0.7
0500053L|379079.4|6907231.1|2014|50394|public|Caen|COLLEGE LE FAIRAGE|REP|264|108|11.3|14.4
0500053L|379079.4|6907231.1|2015|50394|public|Caen|COLLEGE LE FAIRAGE|REP|274|95.5|10.4|18.5
0500053L|379079.4|6907231.1|2016|50394|public|Caen|COLLEGE LE FAIRAGE|REP|258|121.8|11.1|8.5
0500053L|379079.4|6907231.1|2017|50394|public|Caen|COLLEGE LE FAIRAGE|REP|249|90.8|9.2|0
0500059T|406628.8|6906376.3|2014|50455|public|Caen|COLLEGE JEAN GREMILLON|Hors EP|296|101.2|10.9|17.8
0500059T|406628.8|6906376.3|2015|50455|public|Caen|COLLEGE JEAN GREMILLON|Hors EP|307|120|8.7|21.8
0500059T|406628.8|6906376.3|2016|50455|public|Caen|COLLEGE JEAN GREMILLON|Hors EP|301|97.8|7.8|12.2
0500059T|406628.8|6906376.3|2017|50455|public|Caen|COLLEGE JEAN GREMILLON|Hors EP|301|108.7|11.7|25.5
0500061V|398489|6838748.2|2014|50484|public|Caen|COLLEGE JULES VERNE|Hors EP|389|98.6|11.5|19.6
0500061V|398489|6838748.2|2015|50484|public|Caen|COLLEGE JULES VERNE|Hors EP|361|75.9|9.7|27.9
0500061V|398489|6838748.2|2016|50484|public|Caen|COLLEGE JULES VERNE|Hors EP|355|93.9|12|37.6
0500061V|398489|6838748.2|2017|50484|public|Caen|COLLEGE JULES VERNE|Hors EP|356|100.2|11.5|17.5
0500062W|365001.6|6957544.6|2014|50129|public|Caen|COLLEGE LE FERRONAY|Hors EP|483|78.2|12.4|25.4
0500062W|365001.6|6957544.6|2015|50129|public|Caen|COLLEGE LE FERRONAY|Hors EP|468|112.7|12.1|21.8
0500062W|365001.6|6957544.6|2016|50129|public|Caen|COLLEGE LE FERRONAY|Hors EP|454|96.6|12.6|30.7
0500062W|365001.6|6957544.6|2017|50129|public|Caen|COLLEGE LE FERRONAY|Hors EP|461|101.2|10.1|16.4
0500068C|387156.4|6932022.3|2014|50523|public|Caen|COLLEGE SAINT EXUPERY|REP|227|129.6|10.8|21.6
0500068C|387156.4|6932022.3|2015|50523|public|Caen|COLLEGE SAINT EXUPERY|REP|189|84.9|10.4|0
0500068C|387156.4|6932022.3|2016|50523|public|Caen|COLLEGE SAINT EXUPERY|REP|183|109.7|10.8|15.3
0500068C|387156.4|6932022.3|2017|50523|public|Caen|COLLEGE SAINT EXUPERY|REP|164|94.2|9.6|6.4
0500069D|382231.3|6961049.7|2014|50539|public|Caen|COLLEGE GILLES DE GOUBERVILLE|Hors EP|324|88.2|9.8|24.4
0500069D|382231.3|6961049.7|2015|50539|public|Caen|COLLEGE GILLES DE GOUBERVILLE|Hors EP|335|80.6|13.3|23.7
0500069D|382231.3|6961049.7|2016|50539|public|Caen|COLLEGE GILLES DE GOUBERVILLE|Hors EP|324|74.5|10.7|25.5
0500069D|382231.3|6961049.7|2017|50539|public|Caen|COLLEGE GILLES DE GOUBERVILLE|Hors EP|313|106.8|10.5|24.2
0500071F|378175.9|6901298|2014|50550|public|Caen|COLLEGE TANCREDE DE HAUTEVILLE|Hors EP|323|96.2|11.6|25.7
0500071F|378175.9|6901298|2015|50550|public|Caen|COLLEGE TANCREDE DE HAUTEVILLE|Hors EP|308|109.9|9.6|21.1
0500071F|378175.9|6901298|2016|50550|public|Caen|COLLEGE TANCREDE DE HAUTEVILLE|Hors EP|296|102.7|12.6|13.4
0500071F|378175.9|6901298|2017|50550|public|Caen|COLLEGE TANCREDE DE HAUTEVILLE|Hors EP|282|86.9|12.2|33.7
0500072G|370958|6930707.6|2014|50551|public|Caen|COLLEGE BARBEY D AUREVILLY|Hors EP|256|107.9|10.8|38.4
0500072G|370958|6930707.6|2015|50551|public|Caen|COLLEGE BARBEY D AUREVILLY|Hors EP|251|130.5|12.5|18.1
0500072G|370958|6930707.6|2016|50551|public|Caen|COLLEGE BARBEY D AUREVILLY|Hors EP|241|101.9|11.4|26.1
0500072G|370958|6930707.6|2017|50551|public|Caen|COLLEGE BARBEY D AUREVILLY|Hors EP|234|105.5|10.7|20.1
0500075K|372627.6|6859474.9|2014|50565|public|Caen|COLLEGE ANATOLE FRANCE|Hors EP|309|101.7|10.5|22
0500075K|372627.6|6859474.9|2015|50565|public|Caen|COLLEGE ANATOLE FRANCE|Hors EP|307|87.8|11|6.5
0500075K|372627.6|6859474.9|2016|50565|public|Caen|COLLEGE ANATOLE FRANCE|Hors EP|314|66.8|9.2|11
0500075K|372627.6|6859474.9|2017|50565|public|Caen|COLLEGE ANATOLE FRANCE|Hors EP|284|126.6|9.6|21.8
0500076L|412014.8|6854483.6|2014|50582|public|Caen|COLLEGE VICTOR HUGO|Hors EP|99|102.7|11.6|11.2
0500076L|412014.8|6854483.6|2015|50582|public|Caen|COLLEGE VICTOR HUGO|Hors EP|88|95.7|11|17.7
0500076L|412014.8|6854483.6|2016|50582|public|Caen|COLLEGE VICTOR HUGO|Hors EP|91|99.8|12|5.3
0500076L|412014.8|6854483.6|2017|50582|public|Caen|COLLEGE VICTOR HUGO|Hors EP|86|90.7|11|16.8
0500078N|402450.2|6882245|2014|50592|public|Caen|COLLEGE RAYMOND QUENEAU|Hors EP|270|92.7|10.3|15.8
0500078N|402450.2|6882245|2015|50592|public|Caen|COLLEGE RAYMOND QUENEAU|Hors EP|268|97.8|11.7|30.6
0500078N|402450.2|6882245|2016|50592|public|Caen|COLLEGE RAYMOND QUENEAU|Hors EP|274|96|11.9|28.3
0500078N|402450.2|6882245|2017|50592|public|Caen|COLLEGE RAYMOND QUENEAU|Hors EP|283|99.9|10|5.2
0500079P|409277.1|6889340.3|2014|50601|public|Caen|COLLEGE ALBERT CAMUS|Hors EP|413|104.2|10.2|21
0500079P|409277.1|6889340.3|2015|50601|public|Caen|COLLEGE ALBERT CAMUS|Hors EP|420|93.5|11.6|27.6
0500079P|409277.1|6889340.3|2016|50601|public|Caen|COLLEGE ALBERT CAMUS|Hors EP|464|95.7|11.4|7.4
0500079P|409277.1|6889340.3|2017|50601|public|Caen|COLLEGE ALBERT CAMUS|Hors EP|443|102.8|9|12.7
0500080R|369183.1|6959423.7|2014|50129|public|Caen|COLLEGE DIDEROT|Hors EP|507|110.2|10|25.1
0500080R|369183.1|6959423.7|2015|50129|public|Caen|COLLEGE DIDEROT|Hors EP|494|107.1|9.8|24.7
0500080R|369183.1|6959423.7|2016|50129|public|Caen|COLLEGE DIDEROT|Hors EP|494|101.7|11|16.5
0500080R|369183.1|6959423.7|2017|50129|public|Caen|COLLEGE DIDEROT|Hors EP|475|86.7|11.5|28.8
0500083U|390626.3|6868366.3|2014|50639|public|Caen|COLLEGE LE DINANDIER|REP|217|96.3|12.4|11.7
0500083U|390626.3|6868366.3|2015|50639|public|Caen|COLLEGE LE DINANDIER|REP|209|99.9|10.5|41.5
0500083U|390626.3|6868366.3|2016|50639|public|Caen|COLLEGE LE DINANDIER|REP|232|119|9.6|14.2
0500083U|390626.3|6868366.3|2017|50639|public|Caen|COLLEGE LE DINANDIER|REP|273|97.3|10.6|13.2
0500094F|400549.6|6898076.5|2014|50502|public|Caen|COLLEGE GEORGES LAVALLEY|Hors EP|366|100.5|10.3|17.3
0500094F|400549.6|6898076.5|2015|50502|public|Caen|COLLEGE GEORGES LAVALLEY|Hors EP|363|108.6|12.2|24.1
0500094F|400549.6|6898076.5|2016|50502|public|Caen|COLLEGE GEORGES LAVALLEY|Hors EP|343|99.4|9.6|34
0500094F|400549.6|6898076.5|2017|50502|public|Caen|COLLEGE GEORGES LAVALLEY|Hors EP|366|81.5|9.8|15.7
0500095G|402198|6898184.9|2014|50502|public|Caen|COLLEGE LOUIS PASTEUR|Hors EP|320|82.9|10.7|7.7
0500095G|402198|6898184.9|2015|50502|public|Caen|COLLEGE LOUIS PASTEUR|Hors EP|331|105|11.4|18.7
0500095G|402198|6898184.9|2016|50502|public|Caen|COLLEGE LOUIS PASTEUR|Hors EP|331|88.1|9.5|20.2
0500095G|402198|6898184.9|2017|50502|public|Caen|COLLEGE LOUIS PASTEUR|Hors EP|332|105.9|7.3|12.5
0500096H|375552.4|6943454|2014|50615|public|Caen|COLLEGE FELIX BUHOT|Hors EP|530|85|9.8|3.5
0500096H|375552.4|6943454|2015|50615|public|Caen|COLLEGE FELIX BUHOT|Hors EP|508|105.2|11.9|38.8
0500096H|375552.4|6943454|2016|50615|public|Caen|COLLEGE FELIX BUHOT|Hors EP|503|103.2|10.7|6.9
0500096H|375552.4|6943454|2017|50615|public|Caen|COLLEGE FELIX BUHOT|Hors EP|500|102.9|11.6|24.1
0500121K|401137.6|6897907.6|2014|50502|privé sous contrat|Caen|COLLEGE PRIVE SAINT JOSEPH|Hors EP|386|90.7|11.4|30.7
0500121K|401137.6|6897907.6|2015|50502|privé sous contrat|Caen|COLLEGE PRIVE SAINT JOSEPH|Hors EP|370|92.3|10.1|0.5
0500121K|401137.6|6897907.6|2016|50502|privé sous contrat|Caen|COLLEGE PRIVE SAINT JOSEPH|Hors EP|368|103.9|10.5|40.6
0500121K|401137.6|6897907.6|2017|50502|privé sous contrat|Caen|COLLEGE PRIVE SAINT JOSEPH|Hors EP|353|108.8|11.5|31.2
0500122L|382612.5|6960775.5|2014|50539|privé sous contrat|Caen|COLLEGE PRIVE NOTRE DAME|Hors EP|159|77.4|11.9|8.1
0500122L|382612.5|6960775.5|2015|50539|privé sous contrat|Caen|COLLEGE PRIVE NOTRE DAME|Hors EP|150|111.4|11.8|12.6
0500122L|382612.5|6960775.5|2016|50539|privé sous contrat|Caen|COLLEGE PRIVE NOTRE DAME|Hors EP|149|88.2|11.3|10.9
0500122L|382612.5|6960775.5|2017|50539|privé sous contrat|Caen|COLLEGE PRIVE NOTRE DAME|Hors EP|147|112.9|10|23.9
0500123M|390471.6|6868110.1|2014|50639|privé sous contrat|Caen|COLLEGE PRIVE SAINT JOSEPH|Hors EP|224|95.6|12.7|8.2
0500123M|390471.6|6868110.1|2015|50639|privé sous contrat|Caen|COLLEGE PRIVE SAINT JOSEPH|Hors EP|200|88.8|13.2|21.4
0500123M|390471.6|6868110.1|2016|50639|privé sous contrat|Caen|COLLEGE PRIVE SAINT JOSEPH|Hors EP|195|107.1|12.4|25.6
0500123M|390471.6|6868110.1|2017|50639|privé sous contrat|Caen|COLLEGE PRIVE SAINT JOSEPH|Hors EP|172|101.4|10.6|17.8
0500139E|391183.5|6920038.9|2014|50099|privé sous contrat|Caen|COLLEGE PRIVE INSTITUTION NOTRE DAME|Hors EP|472|86.5|9.7|0
0500139E|391183.5|6920038.9|2015|50099|privé sous contrat|Caen|COLLEGE PRIVE INSTITUTION NOTRE DAME|Hors EP|522|94.2|11.1|23.9
0500139E|391183.5|6920038.9|2016|50099|privé sous contrat|Caen|COLLEGE PRIVE INSTITUTION NOTRE DAME|Hors EP|545|91.8|10.9|20.3
0500139E|391183.5|6920038.9|2017|50099|privé sous contrat|Caen|COLLEGE PRIVE INSTITUTION NOTRE DAME|Hors EP|554|90.3|11.2|17.4
0500140F|365766|6958682.2|2014|50129|privé sous contrat|Caen|COLLEGE PRIVE SAINT JOSEPH|Hors EP|552|88.3|11.4|15.3
0500140F|365766|6958682.2|2015|50129|privé sous contrat|Caen|COLLEGE PRIVE SAINT JOSEPH|Hors EP|568|90.3|11.5|25.6
0500140F|365766|6958682.2|2016|50129|privé sous contrat|Caen|COLLEGE PRIVE SAINT JOSEPH|Hors EP|562|103.7|10.6|30.7
0500140F|365766|6958682.2|2017|50129|privé sous contrat|Caen|COLLEGE PRIVE SAINT JOSEPH|Hors EP|571|86.7|12.8|12.7
0500144K|409772.1|6845736.1|2014|50359|privé sous contrat|Caen|COLLEGE PRIVE SACRE COEUR|Hors EP|147|111.3|11.6|24.8
0500144K|409772.1|6845736.1|2015|50359|privé sous contrat|Caen|COLLEGE PRIVE SACRE COEUR|Hors EP|134|85.9|9.8|8.4
0500144K|409772.1|6845736.1|2016|50359|privé sous contrat|Caen|COLLEGE PRIVE SACRE COEUR|Hors EP|128|80.5|11.6|19.1
0500144K|409772.1|6845736.1|2017|50359|privé sous contrat|Caen|COLLEGE PRIVE SACRE COEUR|Hors EP|131|108.2|10.2|31.8
0500148P|398400.1|6838517.7|2014|50484|privé sous contrat|Caen|COLLEGE PRIVE IMMACULEE CONCEPTION|Hors EP|169|117.3|10.6|31.8
0500148P|398400.1|6838517.7|2015|50484|privé sous contrat|Caen|COLLEGE PRIVE IMMACULEE CONCEPTION|Hors EP|183|104.6|9.7|40.6
0500148P|398400.1|6838517.7|2016|50484|privé sous contrat|Caen|COLLEGE PRIVE IMMACULEE CONCEPTION|Hors EP|179|100.7|9.1|38.5
0500148P|398400.1|6838517.7|2017|50484|privé sous contrat|Caen|COLLEGE PRIVE IMMACULEE CONCEPTION|Hors EP|170|112.4|10.3|21.3
0500149R|379661.8|6833244.2|2014|50487|privé sous contrat|Caen|COLLEGE PRIVE IMMACULEE CONCEPTION|Hors EP|72|103.2|10.5|6.4
0500149R|379661.8|6833244.2|2015|50487|privé sous contrat|Caen|COLLEGE PRIVE IMMACULEE CONCEPTION|Hors EP|60|102|11.2|27.8
0500149R|379661.8|6833244.2|2016|50487|privé sous contrat|Caen|COLLEGE PRIVE IMMACULEE CONCEPTION|Hors EP|63|135.2|10|15
0500149R|379661.8|6833244.2|2017|50487|privé sous contrat|Caen|COLLEGE PRIVE IMMACULEE CONCEPTION|Hors EP|61|85.7|9.4|35.8
0500150S|401763|6898239.7|2014|50502|privé sous contrat|Caen|COLLEGE PRIVE INTERPAROISSIAL|Hors EP|273|105.5|11.8|18.7
0500150S|401763|6898239.7|2015|50502|privé sous contrat|Caen|COLLEGE PRIVE INTERPAROISSIAL|Hors EP|263|100.7|10.8|21.7
0500150S|401763|6898239.7|2016|50502|privé sous contrat|Caen|COLLEGE PRIVE INTERPAROISSIAL|Hors EP|287|124.4|10.5|9.8
0500150S|401763|6898239.7|2017|50502|privé sous contrat|Caen|COLLEGE PRIVE INTERPAROISSIAL|Hors EP|330|100.7|10.5|22.6
0500152U|371326.9|6929677.1|2014|50551|privé sous contrat|Caen|COLLEGE PRIVE DE L ABBAYE|Hors EP|188|90.3|10.3|17.2
0500152U|371326.9|6929677.1|2015|50551|privé sous contrat|Caen|COLLEGE PRIVE DE L ABBAYE|Hors EP|205|76.1|10.6|13.8
0500152U|371326.9|6929677.1|2016|50551|privé sous contrat|Caen|COLLEGE PRIVE DE L ABBAYE|Hors EP|223|114.1|10.8|11.5
0500152U|371326.9|6929677.1|2017|50551|privé sous contrat|Caen|COLLEGE PRIVE DE L ABBAYE|Hors EP|224|104.8|11.9|15.8
0500153V|411324.1|6854286.9|2014|50582|privé sous contrat|Caen|COLLEGE PRIVE NOTRE DAME|Hors EP|106|112.1|11.9|28.6
0500153V|411324.1|6854286.9|2015|50582|privé sous contrat|Caen|COLLEGE PRIVE NOTRE DAME|Hors EP|99|98.8|10.5|26.1
0500153V|411324.1|6854286.9|2016|50582|privé sous contrat|Caen|COLLEGE PRIVE NOTRE DAME|Hors EP|106|104|11.6|22.8
0500153V|411324.1|6854286.9|2017|50582|privé sous contrat|Caen|COLLEGE PRIVE NOTRE DAME|Hors EP|116|101.7|9.2|31.5
0500154W|402870.5|6882425.7|2014|50592|privé sous contrat|Caen|COLLEGE PRIVE SAINTE MARIE|Hors EP|145|102.4|12|0.9
0500154W|402870.5|6882425.7|2015|50592|privé sous contrat|Caen|COLLEGE PRIVE SAINTE MARIE|Hors EP|135|83.7|11.1|29.8
0500154W|402870.5|6882425.7|2016|50592|privé sous contrat|Caen|COLLEGE PRIVE SAINTE MARIE|Hors EP|145|98.8|10.7|19.5
0500154W|402870.5|6882425.7|2017|50592|privé sous contrat|Caen|COLLEGE PRIVE SAINTE MARIE|Hors EP|138|108|12|28.2
0500155X|376415.8|6943319.8|2014|50615|privé sous contrat|Caen|COLLEGE PRIVE SAINTE MARIE|Hors EP|338|87.5|10.2|0
0500155X|376415.8|6943319.8|2015|50615|privé sous contrat|Caen|COLLEGE PRIVE SAINTE MARIE|Hors EP|345|113.4|11.8|26.8
0500155X|376415.8|6943319.8|2016|50615|privé sous contrat|Caen|COLLEGE PRIVE SAINTE MARIE|Hors EP|335|91|11|7
0500155X|376415.8|6943319.8|2017|50615|privé sous contrat|Caen|COLLEGE PRIVE SAINTE MARIE|Hors EP|325|91.2|11.3|15.5
0501201J|383049.8|6941225|2014|50341|privé sous contrat|Caen|COLLEGE PRIVE ABBAYE|Hors EP|115|103.3|8.1|6.8
0501201J|383049.8|6941225|2015|50341|privé sous contrat|Caen|COLLEGE PRIVE ABBAYE|Hors EP|121|111.5|10.7|12.7
0501201J|383049.8|6941225|2016|50341|privé sous contrat|Caen|COLLEGE PRIVE ABBAYE|Hors EP|111|98.7|11|11.9
0501201J|383049.8|6941225|2017|50341|privé sous contrat|Caen|COLLEGE PRIVE ABBAYE|Hors EP|111|101.1|11.3|16.9
0501205N|365511.2|6957454.3|2014|50129|public|Caen|COLLEGE LES PROVINCES|REP+|340|92.1|10.6|11.4
0501205N|365511.2|6957454.3|2015|50129|public|Caen|COLLEGE LES PROVINCES|REP+|302|98.5|10.1|35
0501205N|365511.2|6957454.3|2016|50129|public|Caen|COLLEGE LES PROVINCES|REP+|307|94|9.7|35.8
0501205N|365511.2|6957454.3|2017|50129|public|Caen|COLLEGE LES PROVINCES|REP+|310|101.3|12.2|14
0501206P|376314.8|6892915.7|2014|50147|public|Caen|COLLEGE JACQUES PREVERT|Hors EP|411|108.6|9.5|6.8
0501206P|376314.8|6892915.7|2015|50147|public|Caen|COLLEGE JACQUES PREVERT|Hors EP|392|103.8|12.4|3.1
0501206P|376314.8|6892915.7|2016|50147|public|Caen|COLLEGE JACQUES PREVERT|Hors EP|387|97.4|8.9|29
0501206P|376314.8|6892915.7|2017|50147|public|Caen|COLLEGE JACQUES PREVERT|Hors EP|374|100.6|11.7|32.1
0501216A|367454.8|6955952.2|2014|50129|public|Caen|COLLEGE EMILE ZOLA|Hors EP|423|100|13.4|33.7
0501216A|367454.8|6955952.2|2015|50129|public|Caen|COLLEGE EMILE ZOLA|Hors EP|426|110.9|11.5|39.2
0501216A|367454.8|6955952.2|2016|50129|public|Caen|COLLEGE EMILE ZOLA|Hors EP|433|95.4|11.2|22.8
0501216A|367454.8|6955952.2|2017|50129|public|Caen|COLLEGE EMILE ZOLA|Hors EP|450|92|10.8|13.3
0501217B|358651.9|6925388.6|2014|50412|public|Caen|COLLEGE ANDRE MICLOT|Hors EP|260|94.7|11.2|0
0501217B|358651.9|6925388.6|2015|50412|public|Caen|COLLEGE ANDRE MICLOT|Hors EP|250|110|14|24
0501217B|358651.9|6925388.6|2016|50412|public|Caen|COLLEGE ANDRE MICLOT|Hors EP|235|109.3|11.4|20.3
0501217B|358651.9|6925388.6|2017|50412|public|Caen|COLLEGE ANDRE MICLOT|Hors EP|217|110.7|10.3|0
0501218C|369752|6919831.3|2014|50236|public|Caen|COLLEGE ETENCLIN|Hors EP|244|96.1|9.3|0
0501218C|369752|6919831.3|2015|50236|public|Caen|COLLEGE ETENCLIN|Hors EP|240|101.8|12.4|25.9
0501218C|369752|6919831.3|2016|50236|public|Caen|COLLEGE ETENCLIN|Hors EP|223|106.4|10.9|49
0501218C|369752|6919831.3|2017|50236|public|Caen|COLLEGE ETENCLIN|Hors EP|232|90.3|11|28.7
0501220E|352187.1|6945614.9|2014|50402|public|Caen|COLLEGE LE CASTILLON|Hors EP|410|98.4|11.6|28.1
0501220E|352187.1|6945614.9|2015|50402|public|Caen|COLLEGE LE CASTILLON|Hors EP|395|92.9|12.2|34.7
0501220E|352187.1|6945614.9|2016|50402|public|Caen|COLLEGE LE CASTILLON|Hors EP|373|86.1|9.5|13.5
0501220E|352187.1|6945614.9|2017|50402|public|Caen|COLLEGE LE CASTILLON|Hors EP|358|105.7|10.3|36.1
0501239A|369617.7|6876424.4|2014|50076|public|Caen|COLLEGE LA VANLEE|Hors EP|406|129|11.3|27.4
0501239A|369617.7|6876424.4|2015|50076|public|Caen|COLLEGE LA VANLEE|Hors EP|407|102|10.6|9.2
0501239A|369617.7|6876424.4|2016|50076|public|Caen|COLLEGE LA VANLEE|Hors EP|378|101|9.8|16
0501239A|369617.7|6876424.4|2017|50076|public|Caen|COLLEGE LA VANLEE|Hors EP|368|99.5|10.8|15.8
0501240B|383804.9|6843663.6|2014|50168|public|Caen|COLLEGE GABRIEL DE MONTGOMMERY|Hors EP|319|118.6|11.2|22.2
0501240B|383804.9|6843663.6|2015|50168|public|Caen|COLLEGE GABRIEL DE MONTGOMMERY|Hors EP|317|122.3|11|17.5
0501240B|383804.9|6843663.6|2016|50168|public|Caen|COLLEGE GABRIEL DE MONTGOMMERY|Hors EP|336|110.1|12.8|39.7
0501240B|383804.9|6843663.6|2017|50168|public|Caen|COLLEGE GABRIEL DE MONTGOMMERY|Hors EP|313|106.9|11.2|22
0501241C|367505.6|6837218.7|2014|50410|public|Caen|COLLEGE GEORGES BRASSENS|Hors EP|189|111.2|12.2|34.8
0501241C|367505.6|6837218.7|2015|50410|public|Caen|COLLEGE GEORGES BRASSENS|Hors EP|214|82|12.4|33.7
0501241C|367505.6|6837218.7|2016|50410|public|Caen|COLLEGE GEORGES BRASSENS|Hors EP|198|96.8|13.4|32
0501241C|367505.6|6837218.7|2017|50410|public|Caen|COLLEGE GEORGES BRASSENS|Hors EP|214|106.4|10.2|23.1
0501242D|380631.7|6833185.9|2014|50487|public|Caen|COLLEGE LE CLOS TARDIF|Hors EP|237|113.5|10.5|46.3
0501242D|380631.7|6833185.9|2015|50487|public|Caen|COLLEGE LE CLOS TARDIF|Hors EP|247|91.1|11.6|8.8
0501242D|380631.7|6833185.9|2016|50487|public|Caen|COLLEGE LE CLOS TARDIF|Hors EP|233|116|12.3|27.1
0501242D|380631.7|6833185.9|2017|50487|public|Caen|COLLEGE LE CLOS TARDIF|Hors EP|236|111.3|10.6|24.2
0501300S|391164.9|6951689.7|2014|50562|public|Caen|COLLEGE GUILLAUME FOUACE|REP|192|99.7|10.1|29.7
0501300S|391164.9|6951689.7|2015|50562|public|Caen|COLLEGE GUILLAUME FOUACE|REP|175|103.4|9.3|17.5
0501300S|391164.9|6951689.7|2016|50562|public|Caen|COLLEGE GUILLAUME FOUACE|REP|167|101.3|9.6|16.1
0501300S|391164.9|6951689.7|2017|50562|public|Caen|COLLEGE GUILLAUME FOUACE|REP|154|84.2|10.9|17.9
0501301T|398761.7|6911106.1|2014|50488|public|Caen|COLLEGE|Hors EP|247|103|11.7|10.3
0501301T|398761.7|6911106.1|2015|50488|public|Caen|COLLEGE|Hors EP|258|96.9|12.7|20.4
0501301T|398761.7|6911106.1|2016|50488|public|Caen|COLLEGE|Hors EP|246|89.2|11.6|20.5
0501301T|398761.7|6911106.1|2017|50488|public|Caen|COLLEGE|Hors EP|234|99.8|9.1|27.9
0501302U|393533|6855572.5|2014|50074|public|Caen|COLLEGE|Hors EP|376|115.4|9.8|31.6
0501302U|393533|6855572.5|2015|50074|public|Caen|COLLEGE|Hors EP|386|111.1|9|30
0501302U|393533|6855572.5|2016|50074|public|Caen|COLLEGE|Hors EP|376|105.7|10.7|3.5
0501302U|393533|6855572.5|2017|50074|public|Caen|COLLEGE|Hors EP|384|104.7|11.8|30
0501458N|369705|6910820.3|2014|50267|public|Caen|COLLEGE G DESDEVISES DU DEZERT|Hors EP|296|111.4|10.9|25
0501458N|369705|6910820.3|2015|50267|public|Caen|COLLEGE G DESDEVISES DU DEZERT|Hors EP|290|97.6|11.9|14.6
0501458N|369705|6910820.3|2016|50267|public|Caen|COLLEGE G DESDEVISES DU DEZERT|Hors EP|298|84.6|12.7|24.4
0501458N|369705|6910820.3|2017|50267|public|Caen|COLLEGE G DESDEVISES DU DEZERT|Hors EP|291|132.4|9.4|15.4
0501482P|361179.1|6961207.5|2014|50129|public|Caen|COLLEGE JULES FERRY|Hors EP|382|104.1|12.1|29.7
0501482P|361179.1|6961207.5|2015|50129|public|Caen|COLLEGE JULES FERRY|Hors EP|379|101.2|11.8|31.7
0501482P|361179.1|6961207.5|2016|50129|public|Caen|COLLEGE JULES FERRY|Hors EP|378|98.3|11.7|17.1
0501482P|361179.1|6961207.5|2017|50129|public|Caen|COLLEGE JULES FERRY|Hors EP|400|103.7|10.6|4.3
0501525L|380159.5|6850828.2|2014|50516|public|Caen|COLLEGE LA CHAUSSONNIERE|Hors EP|292|90.2|10.4|26.1
0501525L|380159.5|6850828.2|2015|50516|public|Caen|COLLEGE LA CHAUSSONNIERE|Hors EP|287|100.2|11.7|8.4
0501525L|380159.5|6850828.2|2016|50516|public|Caen|COLLEGE LA CHAUSSONNIERE|Hors EP|302|91.3|9.5|25.6
0501525L|380159.5|6850828.2|2017|50516|public|Caen|COLLEGE LA CHAUSSONNIERE|Hors EP|299|106.1|11.9|29.1
0501701C|400265.8|6898870.2|2014|50002|privé sous contrat|Caen|COLLEGE PRIVE INSTITUT SAINT LO|Hors EP|592|95.1|13|7.9
0501701C|400265.8|6898870.2|2015|50002|privé sous contrat|Caen|COLLEGE PRIVE INSTITUT SAINT LO|Hors EP|593|108.7|10.1|20.1
0501701C|400265.8|6898870.2|2016|50002|privé sous contrat|Caen|COLLEGE PRIVE INSTITUT SAINT LO|Hors EP|589|95.2|10|31.2
0501701C|400265.8|6898870.2|2017|50002|privé sous contrat|Caen|COLLEGE PRIVE INSTITUT SAINT LO|Hors EP|559|101.7|9.7|36.3
0501702D|365493|6959100.1|2014|50129|privé sous contrat|Caen|COLLEGE PRIVE SAINT PAUL|Hors EP|536|86.7|12.8|11.4
0501702D|365493|6959100.1|2015|50129|privé sous contrat|Caen|COLLEGE PRIVE SAINT PAUL|Hors EP|517|108.3|12.2|6.9
0501702D|365493|6959100.1|2016|50129|privé sous contrat|Caen|COLLEGE PRIVE SAINT PAUL|Hors EP|484|100.8|10.2|33.7
0501702D|365493|6959100.1|2017|50129|privé sous contrat|Caen|COLLEGE PRIVE SAINT PAUL|Hors EP|504|86.8|11.9|14.1
0501703E|375031.8|6893620|2014|50147|privé sous contrat|Caen|COLLEGE PRIVE JEAN PAUL II|Hors EP|459|126|10.5|31.9
0501703E|375031.8|6893620|2015|50147|privé sous contrat|Caen|COLLEGE PRIVE JEAN PAUL II|Hors EP|469|106.7|9.3|15.2
0501703E|375031.8|6893620|2016|50147|privé sous contrat|Caen|COLLEGE PRIVE JEAN PAUL II|Hors EP|455|106.5|12|18.1
0501703E|375031.8|6893620|2017|50147|privé sous contrat|Caen|COLLEGE PRIVE JEAN PAUL II|Hors EP|546|76.8|11.8|35.8
0501704F|379479.2|6851670.9|2014|50025|privé sous contrat|Caen|COLLEGE PRIVE NOTRE DAME|Hors EP|396|89.4|12.5|3.3
0501704F|379479.2|6851670.9|2015|50025|privé sous contrat|Caen|COLLEGE PRIVE NOTRE DAME|Hors EP|384|71|13.2|25.5
0501704F|379479.2|6851670.9|2016|50025|privé sous contrat|Caen|COLLEGE PRIVE NOTRE DAME|Hors EP|393|97.8|9.5|26.4
0501704F|379479.2|6851670.9|2017|50025|privé sous contrat|Caen|COLLEGE PRIVE NOTRE DAME|Hors EP|441|91.6|9.8|12.3
0501705G|363186.3|6869824.8|2014|50218|privé sous contrat|Caen|COLLEGE PRIVE SEVIGNE|Hors EP|589|95.2|9.8|14.9
0501705G|363186.3|6869824.8|2015|50218|privé sous contrat|Caen|COLLEGE PRIVE SEVIGNE|Hors EP|568|88.8|11.8|14.5
0501705G|363186.3|6869824.8|2016|50218|privé sous contrat|Caen|COLLEGE PRIVE SEVIGNE|Hors EP|570|106.3|9.9|14.4
0501705G|363186.3|6869824.8|2017|50218|privé sous contrat|Caen|COLLEGE PRIVE SEVIGNE|Hors EP|586|98.8|10.6|28.3
0501799J|348131.6|6947682.5|2014|50184|public|Caen|COLLEGE LUCIEN GOUBERT|Hors EP|269|98.5|13.5|18.1
0501799J|348131.6|6947682.5|2015|50184|public|Caen|COLLEGE LUCIEN GOUBERT|Hors EP|282|99.7|9.2|15.6
0501799J|348131.6|6947682.5|2016|50184|public|Caen|COLLEGE LUCIEN GOUBERT|Hors EP|267|84.8|10.1|17.6
0501799J|348131.6|6947682.5|2017|50184|public|Caen|COLLEGE LUCIEN GOUBERT|Hors EP|269|88.3|11.4|28.4
0501830T|392439.1|6843647.5|2014|50256|public|Caen|COLLEGE LEON JOZEAU MARIGNE|Hors EP|168|93|11.7|21.6
0501830T|392439.1|6843647.5|2015|50256|public|Caen|COLLEGE LEON JOZEAU MARIGNE|Hors EP|168|110.5|12.9|17.3
0501830T|392439.1|6843647.5|2016|50256|public|Caen|COLLEGE LEON JOZEAU MARIGNE|Hors EP|143|88.5|10.2|17.9
0501830T|392439.1|6843647.5|2017|50256|public|Caen|COLLEGE LEON JOZEAU MARIGNE|Hors EP|148|117.8|12.7|8.5
0502008L|365426.1|6958966.5|2017|50129|public|Caen|COLLEGE BUCAILLE CHARCOT|Hors EP|470|88.2|8.7|28.3
0610003X|484620.1|6817620.1|2014|61001|public|Caen|COLLEGE JEAN RACINE|Hors EP|554|97.2|9.6|15.7
0610003X|484620.1|6817620.1|2015|61001|public|Caen|COLLEGE JEAN RACINE|Hors EP|557|104.8|10|37.4
0610003X|484620.1|6817620.1|2016|61001|public|Caen|COLLEGE JEAN RACINE|Hors EP|529|112.8|9.2|13.3
0610003X|484620.1|6817620.1|2017|61001|public|Caen|COLLEGE JEAN RACINE|Hors EP|478|97.8|10|34.3
0610010E|519785.5|6810429|2014|61038|public|Caen|COLLEGE ROGER MARTIN DU GARD|Hors EP|304|98.9|9.9|11.9
0610010E|519785.5|6810429|2015|61038|public|Caen|COLLEGE ROGER MARTIN DU GARD|Hors EP|308|90.9|9.7|23.6
0610010E|519785.5|6810429|2016|61038|public|Caen|COLLEGE ROGER MARTIN DU GARD|Hors EP|269|94.5|11.6|23
0610010E|519785.5|6810429|2017|61038|public|Caen|COLLEGE ROGER MARTIN DU GARD|Hors EP|250|101|10|35.5
0610012G|468242|6834046.2|2014|61074|public|Caen|COLLEGE HENRI DELIVET|Hors EP|194|103.5|11.9|7.5
0610012G|468242|6834046.2|2015|61074|public|Caen|COLLEGE HENRI DELIVET|Hors EP|183|108.9|10.8|28.9
0610012G|468242|6834046.2|2016|61074|public|Caen|COLLEGE HENRI DELIVET|Hors EP|169|92.3|12.1|21.9
0610012G|468242|6834046.2|2017|61074|public|Caen|COLLEGE HENRI DELIVET|Hors EP|169|95.4|13.3|37.9
0610016L|470749|6850991.9|2014|61153|public|Caen|COLLEGE GEORGES BRASSENS|Hors EP|277|93.5|11.2|33
0610016L|470749|6850991.9|2015|61153|public|Caen|COLLEGE GEORGES BRASSENS|Hors EP|272|112.4|7.5|2.2
0610016L|470749|6850991.9|2016|61153|public|Caen|COLLEGE GEORGES BRASSENS|Hors EP|265|87.3|8.8|24.1
0610016L|470749|6850991.9|2017|61153|public|Caen|COLLEGE GEORGES BRASSENS|Hors EP|265|91.5|10.2|32.6
0610017M|441024.1|6846334|2014|61163|public|Caen|COLLEGE CHARLES LEANDRE|Hors EP|283|97.5|10.8|22.7
0610017M|441024.1|6846334|2015|61163|public|Caen|COLLEGE CHARLES LEANDRE|Hors EP|267|96.6|10.2|28.2
0610017M|441024.1|6846334|2016|61163|public|Caen|COLLEGE CHARLES LEANDRE|Hors EP|267|104.5|10.5|8.9
0610017M|441024.1|6846334|2017|61163|public|Caen|COLLEGE CHARLES LEANDRE|Hors EP|263|110.3|11.7|12.6
0610023U|437812.8|6855476.7|2014|61169|public|Caen|COLLEGE SEVIGNE|Hors EP|596|101|11.7|0
0610023U|437812.8|6855476.7|2015|61169|public|Caen|COLLEGE SEVIGNE|Hors EP|605|93.9|9.4|26.4
0610023U|437812.8|6855476.7|2016|61169|public|Caen|COLLEGE SEVIGNE|Hors EP|553|96.4|12.6|33.3
0610023U|437812.8|6855476.7|2017|61169|public|Caen|COLLEGE SEVIGNE|Hors EP|537|81.1|12.4|9.6
0610031C|504641.4|6827045.5|2014|61258|public|Caen|COLLEGE LOUIS GRENIER|Hors EP|288|108.2|11.8|3.6
0610031C|504641.4|6827045.5|2015|61258|public|Caen|COLLEGE LOUIS GRENIER|Hors EP|267|87.8|11.7|0
0610031C|504641.4|6827045.5|2016|61258|public|Caen|COLLEGE LOUIS GRENIER|Hors EP|262|91.5|12.8|18.3
0610031C|504641.4|6827045.5|2017|61258|public|Caen|COLLEGE LOUIS GRENIER|Hors EP|275|110.3|12.3|15.6
0610033E|518829|6826642|2014|61293|public|Caen|COLLEGE EMILE CHARTIER|Hors EP|500|107|9.5|13.8
0610033E|518829|6826642|2015|61293|public|Caen|COLLEGE EMILE CHARTIER|Hors EP|496|112.9|10.4|10
0610033E|518829|6826642|2016|61293|public|Caen|COLLEGE EMILE CHARTIER|Hors EP|492|85.6|10.5|32.6
0610033E|518829|6826642|2017|61293|public|Caen|COLLEGE EMILE CHARTIER|Hors EP|499|111.6|12.1|23.3
0610036H|513943.4|6842546.4|2014|61297|public|Caen|COLLEGE ANDRE COLLET|Hors EP|223|94.9|12.5|19.5
0610036H|513943.4|6842546.4|2015|61297|public|Caen|COLLEGE ANDRE COLLET|Hors EP|222|105.4|10.1|27.4
0610036H|513943.4|6842546.4|2016|61297|public|Caen|COLLEGE ANDRE COLLET|Hors EP|218|107.1|11.1|35
0610036H|513943.4|6842546.4|2017|61297|public|Caen|COLLEGE ANDRE COLLET|Hors EP|207|103.5|9.6|5
0610037J|461267.1|6856109.9|2014|61339|public|Caen|COLLEGE GASTON LEFAVRAIS|Hors EP|226|91.9|8.5|33
0610037J|461267.1|6856109.9|2015|61339|public|Caen|COLLEGE GASTON LEFAVRAIS|Hors EP|194|93.3|13|40.1
0610037J|461267.1|6856109.9|2016|61339|public|Caen|COLLEGE GASTON LEFAVRAIS|Hors EP|201|85.4|10.1|10.6
0610037J|461267.1|6856109.9|2017|61339|public|Caen|COLLEGE GASTON LEFAVRAIS|Hors EP|204|85.3|12.2|26.5
0610040M|491678.4|6836518.5|2014|61464|public|Caen|COLLEGE NICOLAS JACQUES CONTE|Hors EP|377|115.8|10.9|13.7
0610040M|491678.4|6836518.5|2015|61464|public|Caen|COLLEGE NICOLAS JACQUES CONTE|Hors EP|360|131.1|11.2|18.3
0610040M|491678.4|6836518.5|2016|61464|public|Caen|COLLEGE NICOLAS JACQUES CONTE|Hors EP|363|106.6|10.9|19.8
0610040M|491678.4|6836518.5|2017|61464|public|Caen|COLLEGE NICOLAS JACQUES CONTE|Hors EP|378|98.5|11.5|11.6
0610042P|425601.8|6858096.5|2014|61486|public|Caen|COLLEGE ALBERT CAMUS|Hors EP|218|100.7|10.7|27.1
0610042P|425601.8|6858096.5|2015|61486|public|Caen|COLLEGE ALBERT CAMUS|Hors EP|214|96.2|11.2|36.9
0610042P|425601.8|6858096.5|2016|61486|public|Caen|COLLEGE ALBERT CAMUS|Hors EP|205|95|11.1|29.6
0610042P|425601.8|6858096.5|2017|61486|public|Caen|COLLEGE ALBERT CAMUS|Hors EP|221|95.5|12.2|0
0610044S|482767.7|6864457|2014|61494|public|Caen|COLLEGE ANDRE MALRAUX|Hors EP|235|85|10|0
0610044S|482767.7|6864457|2015|61494|public|Caen|COLLEGE ANDRE MALRAUX|Hors EP|238|111.9|11.7|13.1
0610044S|482767.7|6864457|2016|61494|public|Caen|COLLEGE ANDRE MALRAUX|Hors EP|263|96.5|11.3|31.7
0610044S|482767.7|6864457|2017|61494|public|Caen|COLLEGE ANDRE MALRAUX|Hors EP|258|102|12.4|21
0610045T|494861.8|6873851|2014|61508|public|Caen|COLLEGE ARLETTE HEE FERGANT|REP|180|92.6|8.3|32.5
0610045T|494861.8|6873851|2015|61508|public|Caen|COLLEGE ARLETTE HEE FERGANT|REP|158|106.1|11.6|13.3
0610045T|494861.8|6873851|2016|61508|public|Caen|COLLEGE ARLETTE HEE FERGANT|REP|139|113.8|9.8|27.9
0610045T|494861.8|6873851|2017|61508|public|Caen|COLLEGE ARLETTE HEE FERGANT|REP|150|120.5|10.1|25.1
0610051Z|442768.6|6862482|2014|61007|public|Caen|COLLEGE RENE CASSIN|Hors EP|305|118.7|9.8|20
0610051Z|442768.6|6862482|2015|61007|public|Caen|COLLEGE RENE CASSIN|Hors EP|275|104.6|12.4|14.4
0610051Z|442768.6|6862482|2016|61007|public|Caen|COLLEGE RENE CASSIN|Hors EP|274|89.8|9.6|18.4
0610051Z|442768.6|6862482|2017|61007|public|Caen|COLLEGE RENE CASSIN|Hors EP|258|109|10.8|31.5
0610056E|485725.4|6819122.7|2014|61001|public|Caen|COLLEGE SAINT EXUPERY|Hors EP|376|105.5|12.3|25.4
0610056E|485725.4|6819122.7|2015|61001|public|Caen|COLLEGE SAINT EXUPERY|Hors EP|365|84.3|11.2|18.2
0610056E|485725.4|6819122.7|2016|61001|public|Caen|COLLEGE SAINT EXUPERY|Hors EP|366|107.5|12.1|41.2
0610056E|485725.4|6819122.7|2017|61001|public|Caen|COLLEGE SAINT EXUPERY|Hors EP|359|90.9|12.4|21.5
0610057F|437554.4|6854842.4|2014|61169|public|Caen|COLLEGE JEAN MONNET|REP|342|98.6|13.4|24.7
0610057F|437554.4|6854842.4|2015|61169|public|Caen|COLLEGE JEAN MONNET|REP|349|99.4|13.9|3.1
0610057F|437554.4|6854842.4|2016|61169|public|Caen|COLLEGE JEAN MONNET|REP|328|107.8|10.7|28.4
0610057F|437554.4|6854842.4|2017|61169|public|Caen|COLLEGE JEAN MONNET|REP|332|105.3|9.9|26.7
0610691V|525819|6854006.9|2014|61214|privé sous contrat|Caen|COLLEGE PRIVE FOCH|Hors EP|426|108.4|9.9|28.9
0610691V|525819|6854006.9|2015|61214|privé sous contrat|Caen|COLLEGE PRIVE FOCH|Hors EP|422|109.1|10.1|11.4
0610691V|525819|6854006.9|2016|61214|privé sous contrat|Caen|COLLEGE PRIVE FOCH|Hors EP|402|128.3|11.2|33.1
0610691V|525819|6854006.9|2017|61214|privé sous contrat|Caen|COLLEGE PRIVE FOCH|Hors EP|398|111.3|9.6|24.6
0610693X|484205.2|6818856.3|2014|61001|privé sous contrat|Caen|COLLEGE PRIVE NOTRE DAME|Hors EP|232|88.8|12.6|34
0610693X|484205.2|6818856.3|2015|61001|privé sous contrat|Caen|COLLEGE PRIVE NOTRE DAME|Hors EP|238|97.3|11|32.4
0610693X|484205.2|6818856.3|2016|61001|privé sous contrat|Caen|COLLEGE PRIVE NOTRE DAME|Hors EP|269|83|10.5|8.2
0610693X|484205.2|6818856.3|2017|61001|privé sous contrat|Caen|COLLEGE PRIVE NOTRE DAME|Hors EP|296|93.8|10.1|31.8
0610695Z|452094.8|6850270.6|2014|61063|privé sous contrat|Caen|COLLEGE PRIVE NOTRE DAME|Hors EP|95|96.4|11.4|12.3
0610695Z|452094.8|6850270.6|2015|61063|privé sous contrat|Caen|COLLEGE PRIVE NOTRE DAME|Hors EP|88|101.3|10|21.9
0610695Z|452094.8|6850270.6|2016|61063|privé sous contrat|Caen|COLLEGE PRIVE NOTRE DAME|Hors EP|82|108.1|9.1|26.8
0610695Z|452094.8|6850270.6|2017|61063|privé sous contrat|Caen|COLLEGE PRIVE NOTRE DAME|Hors EP|87|89.3|11.8|13.5
0610696A|430804.6|6838506.8|2014|61145|privé sous contrat|Caen|COLLEGE PRIVE SACRE COEUR|Hors EP|173|83|10.2|7.2
0610696A|430804.6|6838506.8|2015|61145|privé sous contrat|Caen|COLLEGE PRIVE SACRE COEUR|Hors EP|170|93.9|8.7|5.3
0610696A|430804.6|6838506.8|2016|61145|privé sous contrat|Caen|COLLEGE PRIVE SACRE COEUR|Hors EP|175|122.5|11|40.5
0610696A|430804.6|6838506.8|2017|61145|privé sous contrat|Caen|COLLEGE PRIVE SACRE COEUR|Hors EP|181|86.6|8.8|2.8
0610699D|465577.3|6855223.4|2014|61189|privé sous contrat|Caen|COLLEGE PRIVE ESAT DE GIEL|Hors EP|53|85|8.5|15.6
0610699D|465577.3|6855223.4|2015|61189|privé sous contrat|Caen|COLLEGE PRIVE ESAT DE GIEL|Hors EP|64|90.8|10.6|18.2
0610699D|465577.3|6855223.4|2016|61189|privé sous contrat|Caen|COLLEGE PRIVE ESAT DE GIEL|Hors EP|47|117.3|9.9|5.6
0610699D|465577.3|6855223.4|2017|61189|privé sous contrat|Caen|COLLEGE PRIVE ESAT DE GIEL|Hors EP|54|85.2|10.1|28.6
0610709P|452673.6|6837353.8|2014|61168|privé sous contrat|Caen|COLLEGE PRIVE NOTRE DAME|Hors EP|272|115.9|12.6|24.5
0610709P|452673.6|6837353.8|2015|61168|privé sous contrat|Caen|COLLEGE PRIVE NOTRE DAME|Hors EP|282|116.2|8.9|27.1
0610709P|452673.6|6837353.8|2016|61168|privé sous contrat|Caen|COLLEGE PRIVE NOTRE DAME|Hors EP|279|78.8|11|20.1
0610709P|452673.6|6837353.8|2017|61168|privé sous contrat|Caen|COLLEGE PRIVE NOTRE DAME|Hors EP|251|70.5|8.9|16.9
0610710R|501351.8|6858274.8|2014|61181|privé sous contrat|Caen|COLLEGE PRIVE TREGARO|Hors EP|72|100.2|11.4|4.3
0610710R|501351.8|6858274.8|2015|61181|privé sous contrat|Caen|COLLEGE PRIVE TREGARO|Hors EP|56|86.2|10.3|5
0610710R|501351.8|6858274.8|2016|61181|privé sous contrat|Caen|COLLEGE PRIVE TREGARO|Hors EP|58|116.6|11.5|37.3
0610710R|501351.8|6858274.8|2017|61181|privé sous contrat|Caen|COLLEGE PRIVE TREGARO|Hors EP|62|110.8|9.5|15.1
0610714V|425579.7|6857861.1|2014|61486|privé sous contrat|Caen|COLLEGE PRIVE SAINT REMI|Hors EP|158|96.5|11.8|28.3
0610714V|425579.7|6857861.1|2015|61486|privé sous contrat|Caen|COLLEGE PRIVE SAINT REMI|Hors EP|178|105.5|10.1|21.9
0610714V|425579.7|6857861.1|2016|61486|privé sous contrat|Caen|COLLEGE PRIVE SAINT REMI|Hors EP|179|120.4|10|18.4
0610714V|425579.7|6857861.1|2017|61486|privé sous contrat|Caen|COLLEGE PRIVE SAINT REMI|Hors EP|172|111|11.5|9.6
0610739X|534641.1|6827799.2|2014|61230|public|Caen|COLLEGE FELIX LECLERC|Hors EP|220|110.2|10.9|18.3
0610739X|534641.1|6827799.2|2015|61230|public|Caen|COLLEGE FELIX LECLERC|Hors EP|202|110.2|9.4|12.3
0610739X|534641.1|6827799.2|2016|61230|public|Caen|COLLEGE FELIX LECLERC|Hors EP|186|101.6|12.5|13.1
0610739X|534641.1|6827799.2|2017|61230|public|Caen|COLLEGE FELIX LECLERC|Hors EP|182|90.7|11.8|32.6
0610740Y|535902.1|6816376.7|2014|61345|public|Caen|COLLEGE PAUL HAREL|Hors EP|327|118.7|12.2|18.4
0610740Y|535902.1|6816376.7|2015|61345|public|Caen|COLLEGE PAUL HAREL|Hors EP|299|109.9|12.2|21.5
0610740Y|535902.1|6816376.7|2016|61345|public|Caen|COLLEGE PAUL HAREL|Hors EP|286|102.8|11.3|49.4
0610740Y|535902.1|6816376.7|2017|61345|public|Caen|COLLEGE PAUL HAREL|Hors EP|257|116.9|11.6|41.6
0610745D|526242.5|6853243.5|2014|61214|public|Caen|COLLEGE MOLIERE|Hors EP|395|107.6|11.4|40.5
0610745D|526242.5|6853243.5|2015|61214|public|Caen|COLLEGE MOLIERE|Hors EP|389|104|12.7|24.1
0610745D|526242.5|6853243.5|2016|61214|public|Caen|COLLEGE MOLIERE|Hors EP|400|105.7|12.3|13.4
0610745D|526242.5|6853243.5|2017|61214|public|Caen|COLLEGE MOLIERE|Hors EP|396|97.6|10.4|24.7
0610800N|452056.8|6837049.3|2014|61168|public|Caen|COLLEGE JACQUES BREL|Hors EP|371|94.1|10.7|21.9
0610800N|452056.8|6837049.3|2015|61168|public|Caen|COLLEGE JACQUES BREL|Hors EP|353|109.7|9.3|11.1
0610800N|452056.8|6837049.3|2016|61168|public|Caen|COLLEGE JACQUES BREL|Hors EP|339|87.4|8.2|12.6
0610800N|452056.8|6837049.3|2017|61168|public|Caen|COLLEGE JACQUES BREL|Hors EP|334|98.8|11.7|23.1
0610918S|483864|6819483.9|2014|61001|public|Caen|COLLEGE HONORE DE BALZAC|Hors EP|524|94.4|12|5.7
0610918S|483864|6819483.9|2015|61001|public|Caen|COLLEGE HONORE DE BALZAC|Hors EP|523|92.2|11.3|23.7
0610918S|483864|6819483.9|2016|61001|public|Caen|COLLEGE HONORE DE BALZAC|Hors EP|507|111.9|10.3|22.9
0610918S|483864|6819483.9|2017|61001|public|Caen|COLLEGE HONORE DE BALZAC|Hors EP|524|114.6|9.2|12.6
0610958K|501631.4|6858118.2|2014|61181|public|Caen|COLLEGE JEAN MOULIN|Hors EP|327|114.3|9.2|28.8
0610958K|501631.4|6858118.2|2015|61181|public|Caen|COLLEGE JEAN MOULIN|Hors EP|317|111.5|12.1|1.1
0610958K|501631.4|6858118.2|2016|61181|public|Caen|COLLEGE JEAN MOULIN|Hors EP|306|92.4|9.7|39.5
0610958K|501631.4|6858118.2|2017|61181|public|Caen|COLLEGE JEAN MOULIN|Hors EP|318|100.5|11.2|26.9
0610959L|527996.8|6798484.9|2014|61484|public|Caen|COLLEGE YVES MONTAND|Hors EP|300|108.5|10.5|17.3
0610959L|527996.8|6798484.9|2015|61484|public|Caen|COLLEGE YVES MONTAND|Hors EP|288|98.1|10.5|15.7
0610959L|527996.8|6798484.9|2016|61484|public|Caen|COLLEGE YVES MONTAND|Hors EP|274|94.1|9.9|14.6
0610959L|527996.8|6798484.9|2017|61484|public|Caen|COLLEGE YVES MONTAND|Hors EP|272|101.9|11.6|17.7
0610970Y|431283.3|6838085.5|2014|61145|public|Caen|COLLEGE JACQUES PREVERT|Hors EP|349|99|10.4|5.1
0610970Y|431283.3|6838085.5|2015|61145|public|Caen|COLLEGE JACQUES PREVERT|Hors EP|345|86.2|10.2|16.8
0610970Y|431283.3|6838085.5|2016|61145|public|Caen|COLLEGE JACQUES PREVERT|Hors EP|310|82.3|9.3|20.3
0610970Y|431283.3|6838085.5|2017|61145|public|Caen|COLLEGE JACQUES PREVERT|Hors EP|281|93.9|10.5|6.7
0611022E|478914.8|6854635.3|2014|61006|public|Caen|COLLEGE JEAN ROSTAND|Hors EP|348|95.8|10.2|26
0611022E|478914.8|6854635.3|2015|61006|public|Caen|COLLEGE JEAN ROSTAND|Hors EP|332|116.5|9.4|13.9
0611022E|478914.8|6854635.3|2016|61006|public|Caen|COLLEGE JEAN ROSTAND|Hors EP|321|108.6|9.6|28.2
0611022E|478914.8|6854635.3|2017|61006|public|Caen|COLLEGE JEAN ROSTAND|Hors EP|306|97.7|12.1|23.3
0611023F|478237.7|6853346.4|2014|61006|public|Caen|COLLEGE FRANCOIS TRUFFAUT|Hors EP|443|94|11.7|27.1
0611023F|478237.7|6853346.4|2015|61006|public|Caen|COLLEGE FRANCOIS TRUFFAUT|Hors EP|417|113.1|10.2|10.4
0611023F|478237.7|6853346.4|2016|61006|public|Caen|COLLEGE FRANCOIS TRUFFAUT|Hors EP|405|101.4|10.3|2.1
0611023F|478237.7|6853346.4|2017|61006|public|Caen|COLLEGE FRANCOIS TRUFFAUT|Hors EP|407|101.9|12.6|28.3
0611024G|452581.5|6849738.6|2014|61063|public|Caen|COLLEGE DU HOULME|Hors EP|167|116.4|11.5|24.6
0611024G|452581.5|6849738.6|2015|61063|public|Caen|COLLEGE DU HOULME|Hors EP|156|95.2|10.1|26.9
0611024G|452581.5|6849738.6|2016|61063|public|Caen|COLLEGE DU HOULME|Hors EP|162|91|12.6|33.8
0611024G|452581.5|6849738.6|2017|61063|public|Caen|COLLEGE DU HOULME|Hors EP|153|92.2|11|22.7
0611026J|485083.1|6816443.2|2014|61001|public|Caen|COLLEGE LOUISE MICHEL|REP+|263|114.1|11.6|27.6
0611026J|485083.1|6816443.2|2015|61001|public|Caen|COLLEGE LOUISE MICHEL|REP+|271|97.7|8.9|33.6
0611026J|485083.1|6816443.2|2016|61001|public|Caen|COLLEGE LOUISE MICHEL|REP+|251|100.8|12.1|14
0611026J|485083.1|6816443.2|2017|61001|public|Caen|COLLEGE LOUISE MICHEL|REP+|254|97.8|10.9|24.6
0611091E|485468.1|6818400.5|2014|61001|privé sous contrat|Caen|COLLEGE PRIVE SAINT FRANCOIS DE SALES|Hors EP|301|120.8|12.7|3.1
0611091E|485468.1|6818400.5|2015|61001|privé sous contrat|Caen|COLLEGE PRIVE SAINT FRANCOIS DE SALES|Hors EP|314|84.8|11.5|12.3
0611091E|485468.1|6818400.5|2016|61001|privé sous contrat|Caen|COLLEGE PRIVE SAINT FRANCOIS DE SALES|Hors EP|294|104.9|10.5|42.2
0611091E|485468.1|6818400.5|2017|61001|privé sous contrat|Caen|COLLEGE PRIVE SAINT FRANCOIS DE SALES|Hors EP|317|107|13|8.5
0611092F|438327.2|6855525|2014|61169|privé sous contrat|Caen|COLLEGE PRIVE SAINT THOMAS D AQUIN|Hors EP|535|94.1|10.7|37.7
0611092F|438327.2|6855525|2015|61169|privé sous contrat|Caen|COLLEGE PRIVE SAINT THOMAS D AQUIN|Hors EP|525|75|12.1|13.6
0611092F|438327.2|6855525|2016|61169|privé sous contrat|Caen|COLLEGE PRIVE SAINT THOMAS D AQUIN|Hors EP|503|113.3|8|7.8
0611092F|438327.2|6855525|2017|61169|privé sous contrat|Caen|COLLEGE PRIVE SAINT THOMAS D AQUIN|Hors EP|516|72.9|11.6|21.7
0611094H|518712.4|6827479.1|2014|61293|privé sous contrat|Caen|COLLEGE PRIVE BIGNON|Hors EP|194|97.5|9.8|9.9
0611094H|518712.4|6827479.1|2015|61293|privé sous contrat|Caen|COLLEGE PRIVE BIGNON|Hors EP|172|86.3|9.4|16.8
0611094H|518712.4|6827479.1|2016|61293|privé sous contrat|Caen|COLLEGE PRIVE BIGNON|Hors EP|161|87|9.2|8.9
0611094H|518712.4|6827479.1|2017|61293|privé sous contrat|Caen|COLLEGE PRIVE BIGNON|Hors EP|177|117.5|11.4|16
0611095J|491402.2|6837908.1|2014|61464|privé sous contrat|Caen|COLLEGE PRIVE MARIE IMMACULEE|Hors EP|256|100.6|9.3|26.1
0611095J|491402.2|6837908.1|2015|61464|privé sous contrat|Caen|COLLEGE PRIVE MARIE IMMACULEE|Hors EP|264|99.8|11.2|35.2
0611095J|491402.2|6837908.1|2016|61464|privé sous contrat|Caen|COLLEGE PRIVE MARIE IMMACULEE|Hors EP|227|103.4|11|18.1
0611095J|491402.2|6837908.1|2017|61464|privé sous contrat|Caen|COLLEGE PRIVE MARIE IMMACULEE|Hors EP|228|88.3|10.8|19.8
0611099N|478459.1|6853869.5|2014|61006|privé sous contrat|Caen|COLLEGE PRIVE JEANNE D ARC|Hors EP|257|95.4|12.3|38.4
0611099N|478459.1|6853869.5|2015|61006|privé sous contrat|Caen|COLLEGE PRIVE JEANNE D ARC|Hors EP|277|99.2|9.6|25.8
0611099N|478459.1|6853869.5|2016|61006|privé sous contrat|Caen|COLLEGE PRIVE JEANNE D ARC|Hors EP|257|108.9|12.1|18.5
0611099N|478459.1|6853869.5|2017|61006|privé sous contrat|Caen|COLLEGE PRIVE JEANNE D ARC|Hors EP|247|91.1|9.5|22.1
0611156A|525967.5|6854065.8|2014|61214|public|Caen|COLLEGE FRANCOISE DOLTO|Hors EP|438|88.4|11.4|8
0611156A|525967.5|6854065.8|2015|61214|public|Caen|COLLEGE FRANCOISE DOLTO|Hors EP|459|95.9|10.7|33.7
0611156A|525967.5|6854065.8|2016|61214|public|Caen|COLLEGE FRANCOISE DOLTO|Hors EP|439|93.4|11.3|35.1
0611156A|525967.5|6854065.8|2017|61214|public|Caen|COLLEGE FRANCOISE DOLTO|Hors EP|424|110.6|10.1|17.2
0611220V|432249.4|6828039.1|2014|61075|public|Caen|COLLEGE RENE GOSCINNY|Hors EP|199|93.5|12.6|15.8
0611220V|432249.4|6828039.1|2015|61075|public|Caen|COLLEGE RENE GOSCINNY|Hors EP|200|103.6|8.9|19
0611220V|432249.4|6828039.1|2016|61075|public|Caen|COLLEGE RENE GOSCINNY|Hors EP|195|91.6|10.5|19.8
0611220V|432249.4|6828039.1|2017|61075|public|Caen|COLLEGE RENE GOSCINNY|Hors EP|188|89.7|11.3|32.3
